Target,Group1,Group2,change_type,changes
10_HDoHE,Chow control,FMT,edited,"{'P_Value': {'old': 0.0153971845148316, 'new': 0.015397184514831573}, 'q_value': {'old': 0.156495973757305, 'new': 0.1564959737573045}}"
10_HDoHE,Chow control,FMT_NGBB,edited,"{'P_Value': {'old': 0.565783926666953, 'new': 0.5587598228708937}, 'q_value': {'old': 0.883592026532772, 'new': 0.872622393400388}}"
10_HDoHE,Chow control,NGBB,edited,"{'P_Value': {'old': 0.216945077626192, 'new': 0.21216467995625798}, 'q_value': {'old': 0.631483324545724, 'new': 0.6175685519853519}}"
10_HDoHE,Chow control,Placebo,edited,"{'P_Value': {'old': 0.216945077626192, 'new': 0.21216467995625798}, 'q_value': {'old': 0.631483324545724, 'new': 0.6175685519853519}}"
10_HDoHE,FMT,FMT_NGBB,edited,"{'P_Value': {'old': 0.226839723743749, 'new': 0.2268397237437485}, 'q_value': {'old': 0.651114021857056, 'new': 0.642577444991332}}"
10_HDoHE,FMT,NGBB,edited,"{'P_Value': {'old': 0.179110105580694, 'new': 0.17911010558069382}, 'q_value': {'old': 0.578376382604324, 'new': 0.5783763826043238}}"
10_HDoHE,FMT,Placebo,edited,"{'P_Value': {'old': 0.285444947209653, 'new': 0.2854449472096531}, 'q_value': {'old': 0.670222377947742, 'new': 0.6653228092856576}}"
10_HDoHE,FMT_NGBB,NGBB,edited,"{'P_Value': {'old': 0.832752252458808, 'new': 0.8294475889935782}, 'q_value': {'old': 0.998624456985329, 'new': 0.9986244569853293}}"
10_HDoHE,FMT_NGBB,Placebo,edited,"{'P_Value': {'old': 0.607524122129049, 'new': 0.6008776409544788}, 'q_value': {'old': 0.890460888226975, 'new': 0.8807190009261865}}"
10_HDoHE,NGBB,Placebo,edited,"{'P_Value': {'old': 0.948729289286565, 'new': 0.9476445296225945}}"
10_NO2_LA,Chow control,FMT,edited,"{'P_Value': {'old': 0.536010558069382, 'new': 0.5360105580693816}, 'q_value': {'old': 0.860949601044084, 'new': 0.8609496010440845}}"
10_NO2_LA,Chow control,FMT_NGBB,edited,"{'P_Value': {'old': 0.486502997608126, 'new': 0.4790843272053482}, 'q_value': {'old': 0.819651789448473, 'new': 0.8093522693932313}}"
10_NO2_LA,Chow control,NGBB,edited,"{'P_Value': {'old': 0.270316628675762, 'new': 0.26429152373398135}, 'q_value': {'old': 0.659827991255796, 'new': 0.6451210421853089}}"
10_NO2_LA,Chow control,Placebo,edited,"{'P_Value': {'old': 0.846998718515746, 'new': 0.8438314252467704}, 'q_value': {'old': 0.998624456985329, 'new': 0.9986244569853293}}"
10_NO2_LA,FMT,FMT_NGBB,unchanged,{}
10_NO2_LA,FMT,NGBB,edited,"{'P_Value': {'old': 0.210910005027652, 'new': 0.2109100050276521}, 'q_value': {'old': 0.630422778294425, 'new': 0.6175685519853519}}"
10_NO2_LA,FMT,Placebo,edited,"{'P_Value': {'old': 0.658999497234791, 'new': 0.6589994972347913}, 'q_value': {'old': 0.909977034043587, 'new': 0.9099770340435871}}"
10_NO2_LA,FMT_NGBB,NGBB,edited,"{'P_Value': {'old': 0.169317154779532, 'new': 0.1661199704495876}, 'q_value': {'old': 0.561372384830534, 'new': 0.5537308239608176}}"
10_NO2_LA,FMT_NGBB,Placebo,edited,"{'P_Value': {'old': 0.565783926666953, 'new': 0.5587598228708937}, 'q_value': {'old': 0.883592026532772, 'new': 0.872622393400388}}"
10_NO2_LA,NGBB,Placebo,edited,"{'P_Value': {'old': 0.270316628675762, 'new': 0.26429152373398135}, 'q_value': {'old': 0.659827991255796, 'new': 0.6451210421853089}}"
11_HDoHE,Chow control,FMT,edited,"{'P_Value': {'old': 0.478946706887883, 'new': 0.4789467068878833}, 'q_value': {'old': 0.819651789448473, 'new': 0.8093522693932313}}"
11_HDoHE,Chow control,FMT_NGBB,edited,"{'P_Value': {'old': 0.211496674008452, 'new': 0.20706115487008625}, 'q_value': {'old': 0.630422778294425, 'new': 0.6175685519853519}}"
11_HDoHE,Chow control,NGBB,unchanged,{}
11_HDoHE,Chow control,Placebo,edited,"{'P_Value': {'old': 0.948729289286565, 'new': 0.9476445296225945}}"
11_HDoHE,FMT,FMT_NGBB,edited,"{'q_value': {'old': 0.403920033466509, 'new': 0.4039200334665085}}"
11_HDoHE,FMT,NGBB,edited,"{'P_Value': {'old': 0.425150829562594, 'new': 0.42515082956259426}, 'q_value': {'old': 0.775275042143554, 'new': 0.7740265621658066}}"
11_HDoHE,FMT,Placebo,edited,"{'P_Value': {'old': 0.328305681246858, 'new': 0.3283056812468577}, 'q_value': {'old': 0.709043243152349, 'new': 0.7018949047346613}}"
11_HDoHE,FMT_NGBB,NGBB,edited,"{'P_Value': {'old': 0.235116613094807, 'new': 0.23008418191625113}, 'q_value': {'old': 0.652568829416492, 'new': 0.642577444991332}}"
11_HDoHE,FMT_NGBB,Placebo,edited,"{'P_Value': {'old': 0.565783926666953, 'new': 0.5587598228708937}, 'q_value': {'old': 0.883592026532772, 'new': 0.872622393400388}}"
11_HDoHE,NGBB,Placebo,edited,"{'P_Value': {'old': 0.652184760543894, 'new': 0.6457638203049723}, 'q_value': {'old': 0.909977034043587, 'new': 0.9099770340435871}}"
11_HETE,Chow control,FMT,edited,"{'P_Value': {'old': 0.791415284062343, 'new': 0.7914152840623428}, 'q_value': {'old': 0.977445171551101, 'new': 0.9772242988307859}}"
11_HETE,Chow control,FMT_NGBB,edited,"{'P_Value': {'old': 0.287547020216289, 'new': 0.28145768484462164}, 'q_value': {'old': 0.670222377947742, 'new': 0.6653228092856576}}"
11_HETE,Chow control,NGBB,edited,"{'P_Value': {'old': 0.561888318080269, 'new': 0.5545304064894243}, 'q_value': {'old': 0.883592026532772, 'new': 0.872622393400388}}"
11_HETE,Chow control,Placebo,edited,"{'P_Value': {'old': 0.519032309279987, 'new': 0.5114059218501164}, 'q_value': {'old': 0.860427892389284, 'new': 0.8477852180402998}}"
11_HETE,FMT,FMT_NGBB,edited,"{'q_value': {'old': 0.403920033466509, 'new': 0.4039200334665085}}"
11_HETE,FMT,NGBB,edited,"{'P_Value': {'old': 0.374937154348919, 'new': 0.37493715434891906}, 'q_value': {'old': 0.737966261071055, 'new': 0.7310095462148736}}"
11_HETE,FMT,Placebo,edited,"{'P_Value': {'old': 0.0853443941679236, 'new': 0.08534439416792358}, 'q_value': {'old': 0.403920033466509, 'new': 0.4039200334665085}}"
11_HETE,FMT_NGBB,NGBB,edited,"{'P_Value': {'old': 0.346999211583947, 'new': 0.3401043685615801}, 'q_value': {'old': 0.724375458525411, 'new': 0.7102647763122479}}"
11_HETE,FMT_NGBB,Placebo,edited,"{'P_Value': {'old': 0.694702524558494, 'new': 0.6891216451070523}, 'q_value': {'old': 0.94672242957965, 'new': 0.938918760227596}}"
11_HETE,NGBB,Placebo,edited,"{'P_Value': {'old': 0.299986391317661, 'new': 0.2934238832742103}, 'q_value': {'old': 0.676332954970726, 'new': 0.6663839107326388}}"
12_HEPE,Chow control,FMT,edited,"{'P_Value': {'old': 0.0441176470588235, 'new': 0.04411764705882353}, 'q_value': {'old': 0.268166089965398, 'new': 0.2735294117647059}}"
12_HEPE,Chow control,FMT_NGBB,edited,"{'P_Value': {'old': 0.607524122129049, 'new': 0.6008776409544788}, 'q_value': {'old': 0.890460888226975, 'new': 0.8807190009261865}}"
12_HEPE,Chow control,NGBB,edited,"{'P_Value': {'old': 0.216945077626192, 'new': 0.21216467995625798}, 'q_value': {'old': 0.631483324545724, 'new': 0.6175685519853519}}"
12_HEPE,Chow control,Placebo,edited,"{'P_Value': {'old': 0.270316628675762, 'new': 0.26429152373398135}, 'q_value': {'old': 0.659827991255796, 'new': 0.6451210421853089}}"
12_HEPE,FMT,FMT_NGBB,edited,"{'P_Value': {'old': 0.119830118282131, 'new': 0.11983011828213067}, 'q_value': {'old': 0.476247905993083, 'new': 0.4762479059930835}}"
12_HEPE,FMT,NGBB,edited,"{'P_Value': {'old': 0.285444947209653, 'new': 0.2854449472096531}, 'q_value': {'old': 0.670222377947742, 'new': 0.6653228092856576}}"
12_HEPE,FMT,Placebo,edited,"{'P_Value': {'old': 0.246292106586224, 'new': 0.24629210658622425}, 'q_value': {'old': 0.652568829416492, 'new': 0.6451210421853089}}"
12_HEPE,FMT_NGBB,NGBB,edited,"{'P_Value': {'old': 0.739898141971099, 'new': 0.7349852214121391}, 'q_value': {'old': 0.957696968730859, 'new': 0.9513378648758376}}"
12_HEPE,FMT_NGBB,Placebo,edited,"{'P_Value': {'old': 0.785948739643719, 'new': 0.7818140034887688}, 'q_value': {'old': 0.977445171551101, 'new': 0.9772242988307859}}"
12_HEPE,NGBB,Placebo,edited,"{'P_Value': {'old': 0.948729289286565, 'new': 0.9476445296225945}}"
12_HETE,Chow control,FMT,edited,"{'P_Value': {'old': 0.0441176470588235, 'new': 0.04411764705882353}, 'q_value': {'old': 0.268166089965398, 'new': 0.2735294117647059}}"
12_HETE,Chow control,FMT_NGBB,edited,"{'P_Value': {'old': 0.189586695442127, 'new': 0.18575772936738777}, 'q_value': {'old': 0.605895624608859, 'new': 0.5936587227205176}}"
12_HETE,Chow control,NGBB,edited,"{'P_Value': {'old': 0.0233077036482609, 'new': 0.02557464990093703}, 'q_value': {'old': 0.200705225860025, 'new': 0.22022615192473555}}"
12_HETE,Chow control,Placebo,edited,"{'P_Value': {'old': 0.0399755043717892, 'new': 0.04178899680298453}, 'q_value': {'old': 0.263668220324567, 'new': 0.2735294117647059}}"
12_HETE,FMT,FMT_NGBB,edited,"{'P_Value': {'old': 0.384456616654759, 'new': 0.38445661665475905}, 'q_value': {'old': 0.737966261071055, 'new': 0.7379662610710545}}"
12_HETE,FMT,NGBB,edited,"{'P_Value': {'old': 0.658999497234791, 'new': 0.6589994972347913}, 'q_value': {'old': 0.909977034043587, 'new': 0.9099770340435871}}"
12_HETE,FMT,Placebo,edited,"{'P_Value': {'old': 0.374937154348919, 'new': 0.37493715434891906}, 'q_value': {'old': 0.737966261071055, 'new': 0.7310095462148736}}"
12_HETE,FMT_NGBB,NGBB,edited,"{'P_Value': {'old': 0.413411060604492, 'new': 0.4060484491047267}, 'q_value': {'old': 0.775275042143554, 'new': 0.7628789043785775}}"
12_HETE,FMT_NGBB,Placebo,edited,"{'P_Value': {'old': 0.880111946204287, 'new': 0.8777166830732149}}"
12_HETE,NGBB,Placebo,edited,"{'P_Value': {'old': 0.846998718515746, 'new': 0.8438314252467704}, 'q_value': {'old': 0.998624456985329, 'new': 0.9986244569853293}}"
13_14dihydro_15k_PGE2,Chow control,FMT,edited,"{'P_Value': {'old': 0.328305681246858, 'new': 0.3283056812468577}, 'q_value': {'old': 0.709043243152349, 'new': 0.7018949047346613}}"
13_14dihydro_15k_PGE2,Chow control,FMT_NGBB,edited,"{'P_Value': {'old': 0.169317154779532, 'new': 0.1661199704495876}, 'q_value': {'old': 0.561372384830534, 'new': 0.5537308239608176}}"
13_14dihydro_15k_PGE2,Chow control,NGBB,edited,"{'P_Value': {'old': 0.561888318080269, 'new': 0.5545304064894243}, 'q_value': {'old': 0.883592026532772, 'new': 0.872622393400388}}"
13_14dihydro_15k_PGE2,Chow control,Placebo,edited,"{'P_Value': {'old': 0.055668016194332, 'new': 0.056873036034794405}, 'q_value': {'old': 0.310938468833206, 'new': 0.3176692102844372}}"
13_14dihydro_15k_PGE2,FMT,FMT_NGBB,edited,"{'P_Value': {'old': 0.650353258712392, 'new': 0.6503532587123918}, 'q_value': {'old': 0.909977034043587, 'new': 0.9099770340435871}}"
13_14dihydro_15k_PGE2,FMT,NGBB,edited,"{'P_Value': {'old': 0.425150829562594, 'new': 0.42515082956259426}, 'q_value': {'old': 0.775275042143554, 'new': 0.7740265621658066}}"
13_14dihydro_15k_PGE2,FMT,Placebo,edited,"{'P_Value': {'old': 0.478946706887883, 'new': 0.4789467068878833}, 'q_value': {'old': 0.819651789448473, 'new': 0.8093522693932313}}"
13_14dihydro_15k_PGE2,FMT_NGBB,NGBB,edited,"{'P_Value': {'old': 0.211496674008452, 'new': 0.20706115487008625}, 'q_value': {'old': 0.630422778294425, 'new': 0.6175685519853519}}"
13_14dihydro_15k_PGE2,FMT_NGBB,Placebo,edited,"{'P_Value': {'old': 0.832752252458808, 'new': 0.8294475889935782}, 'q_value': {'old': 0.998624456985329, 'new': 0.9986244569853293}}"
13_14dihydro_15k_PGE2,NGBB,Placebo,edited,"{'P_Value': {'old': 0.055668016194332, 'new': 0.056873036034794405}, 'q_value': {'old': 0.310938468833206, 'new': 0.3176692102844372}}"
13_KODE,Chow control,FMT,edited,"{'P_Value': {'old': 0.425150829562594, 'new': 0.42515082956259426}, 'q_value': {'old': 0.775275042143554, 'new': 0.7740265621658066}}"
13_KODE,Chow control,FMT_NGBB,edited,"{'P_Value': {'old': 0.927908005307386, 'new': 0.9264448963254215}}"
13_KODE,Chow control,NGBB,edited,"{'P_Value': {'old': 0.216945077626192, 'new': 0.21216467995625798}, 'q_value': {'old': 0.631483324545724, 'new': 0.6175685519853519}}"
13_KODE,Chow control,Placebo,edited,"{'P_Value': {'old': 0.331649258893841, 'new': 0.32463627173040743}, 'q_value': {'old': 0.709043243152349, 'new': 0.7018949047346613}}"
13_KODE,FMT,FMT_NGBB,edited,"{'P_Value': {'old': 0.431967928871954, 'new': 0.4319679288719536}, 'q_value': {'old': 0.785396234312643, 'new': 0.7740465777474312}}"
13_KODE,FMT,NGBB,edited,"{'P_Value': {'old': 0.0853443941679236, 'new': 0.08534439416792358}, 'q_value': {'old': 0.403920033466509, 'new': 0.4039200334665085}}"
13_KODE,FMT,Placebo,edited,"{'P_Value': {'old': 0.0441176470588235, 'new': 0.04411764705882353}, 'q_value': {'old': 0.268166089965398, 'new': 0.2735294117647059}}"
13_KODE,FMT_NGBB,NGBB,edited,"{'P_Value': {'old': 0.260447991905792, 'new': 0.2548715759015092}, 'q_value': {'old': 0.65884185872104, 'new': 0.6451210421853089}}"
13_KODE,FMT_NGBB,Placebo,edited,"{'P_Value': {'old': 0.260447991905792, 'new': 0.2548715759015092}, 'q_value': {'old': 0.65884185872104, 'new': 0.6451210421853089}}"
13_KODE,NGBB,Placebo,edited,"{'P_Value': {'old': 0.948729289286565, 'new': 0.9476445296225945}}"
14_15_DiHETrE,Chow control,FMT,edited,"{'P_Value': {'old': 0.0007541478129713, 'new': 0.0007541478129713423}, 'q_value': {'old': 0.015820093219474, 'new': 0.021253256547374193}}"
14_15_DiHETrE,Chow control,FMT_NGBB,edited,"{'P_Value': {'old': 0.000205609439692, 'new': 0.0006359753413841611}, 'q_value': {'old': 0.0063738926304547, 'new': 0.018859897976238677}}"
14_15_DiHETrE,Chow control,NGBB,edited,"{'P_Value': {'old': 8.50542646208281e-05, 'new': 0.0003912589466711976}, 'q_value': {'old': 0.0031019790626419, 'new': 0.013476697052007916}}"
14_15_DiHETrE,Chow control,Placebo,edited,"{'P_Value': {'old': 8.50542646208281e-05, 'new': 0.0003912589466711976}, 'q_value': {'old': 0.0031019790626419, 'new': 0.013476697052007916}}"
14_15_DiHETrE,FMT,FMT_NGBB,edited,"{'P_Value': {'old': 0.299118837818528, 'new': 0.2991188378185282}, 'q_value': {'old': 0.676332954970726, 'new': 0.6743770161726818}}"
14_15_DiHETrE,FMT,NGBB,edited,"{'P_Value': {'old': 0.724233283056812, 'new': 0.7242332830568124}, 'q_value': {'old': 0.955371564883455, 'new': 0.9513378648758376}}"
14_15_DiHETrE,FMT,Placebo,edited,"{'P_Value': {'old': 0.596153846153846, 'new': 0.5961538461538461}, 'q_value': {'old': 0.890460888226975, 'new': 0.8807190009261865}}"
14_15_DiHETrE,FMT_NGBB,NGBB,edited,"{'P_Value': {'old': 0.0594980467103229, 'new': 0.060498190718590784}, 'q_value': {'old': 0.326449459826551, 'new': 0.33193697562412644}}"
14_15_DiHETrE,FMT_NGBB,Placebo,edited,"{'P_Value': {'old': 0.486502997608126, 'new': 0.4790843272053482}, 'q_value': {'old': 0.819651789448473, 'new': 0.8093522693932313}}"
14_15_DiHETrE,NGBB,Placebo,edited,"{'P_Value': {'old': 0.438463239546831, 'new': 0.430708328947102}, 'q_value': {'old': 0.785685573754437, 'new': 0.7740265621658066}}"
14_HDoHE,Chow control,FMT,edited,"{'P_Value': {'old': 0.125942684766214, 'new': 0.12594268476621417}, 'q_value': {'old': 0.491097261352533, 'new': 0.49109726135253323}}"
14_HDoHE,Chow control,FMT_NGBB,edited,"{'P_Value': {'old': 0.650549746390371, 'new': 0.6443731499599503}, 'q_value': {'old': 0.909977034043587, 'new': 0.9099770340435871}}"
14_HDoHE,Chow control,NGBB,edited,"{'P_Value': {'old': 0.193186586375441, 'new': 0.18908180596451618}, 'q_value': {'old': 0.6079983936689, 'new': 0.59507979542132}}"
14_HDoHE,Chow control,Placebo,edited,"{'P_Value': {'old': 0.242648476394606, 'new': 0.23721752775378102}, 'q_value': {'old': 0.652568829416492, 'new': 0.6451210421853089}}"
14_HDoHE,FMT,FMT_NGBB,edited,"{'P_Value': {'old': 0.261411447169961, 'new': 0.2614114471699611}, 'q_value': {'old': 0.65884185872104, 'new': 0.6451210421853089}}"
14_HDoHE,FMT,NGBB,edited,"{'P_Value': {'old': 0.596153846153846, 'new': 0.5961538461538461}, 'q_value': {'old': 0.890460888226975, 'new': 0.8807190009261865}}"
14_HDoHE,FMT,Placebo,edited,"{'P_Value': {'old': 0.860105580693816, 'new': 0.8601055806938159}, 'q_value': {'old': 0.998624456985329, 'new': 0.9986244569853293}}"
14_HDoHE,FMT_NGBB,NGBB,edited,"{'P_Value': {'old': 0.486502997608126, 'new': 0.4790843272053482}, 'q_value': {'old': 0.819651789448473, 'new': 0.8093522693932313}}"
14_HDoHE,FMT_NGBB,Placebo,edited,"{'P_Value': {'old': 0.739898141971099, 'new': 0.7349852214121391}, 'q_value': {'old': 0.957696968730859, 'new': 0.9513378648758376}}"
14_HDoHE,NGBB,Placebo,unchanged,{}
16_HDoHE,Chow control,FMT,edited,"{'P_Value': {'old': 0.125942684766214, 'new': 0.12594268476621417}, 'q_value': {'old': 0.491097261352533, 'new': 0.49109726135253323}}"
16_HDoHE,Chow control,FMT_NGBB,edited,"{'P_Value': {'old': 0.379339061799689, 'new': 0.37217143978212575}, 'q_value': {'old': 0.737966261071055, 'new': 0.7310095462148736}}"
16_HDoHE,Chow control,NGBB,edited,"{'P_Value': {'old': 0.116408101702219, 'new': 0.11503496229473924}, 'q_value': {'old': 0.471712430791715, 'new': 0.4662036781288558}}"
16_HDoHE,Chow control,Placebo,edited,"{'P_Value': {'old': 0.0280650721827192, 'new': 0.03023902101614863}, 'q_value': {'old': 0.223081342990845, 'new': 0.2403614491027199}}"
16_HDoHE,FMT,FMT_NGBB,edited,"{'P_Value': {'old': 0.482416448360721, 'new': 0.4824164483607208}, 'q_value': {'old': 0.819651789448473, 'new': 0.8127668423468666}}"
16_HDoHE,FMT,NGBB,edited,"{'P_Value': {'old': 0.791415284062343, 'new': 0.7914152840623428}, 'q_value': {'old': 0.977445171551101, 'new': 0.9772242988307859}}"
16_HDoHE,FMT,Placebo,edited,"{'P_Value': {'old': 1.0, 'new': 0.9999999999999999}}"
16_HDoHE,FMT_NGBB,NGBB,edited,"{'P_Value': {'old': 0.565783926666953, 'new': 0.5587598228708937}, 'q_value': {'old': 0.883592026532772, 'new': 0.872622393400388}}"
16_HDoHE,FMT_NGBB,Placebo,edited,"{'P_Value': {'old': 0.346999211583947, 'new': 0.3401043685615801}, 'q_value': {'old': 0.724375458525411, 'new': 0.7102647763122479}}"
16_HDoHE,NGBB,Placebo,edited,"{'P_Value': {'old': 0.796935778359927, 'new': 0.792812616632073}, 'q_value': {'old': 0.982306526010248, 'new': 0.9772242988307859}}"
17_HDoHE,Chow control,FMT,edited,"{'P_Value': {'old': 0.0692559074912016, 'new': 0.06925590749120161}, 'q_value': {'old': 0.35486498053343, 'new': 0.3557664099329287}}"
17_HDoHE,Chow control,FMT_NGBB,edited,"{'P_Value': {'old': 0.486502997608126, 'new': 0.4790843272053482}, 'q_value': {'old': 0.819651789448473, 'new': 0.8093522693932313}}"
17_HDoHE,Chow control,NGBB,edited,"{'P_Value': {'old': 0.519032309279987, 'new': 0.5114059218501164}, 'q_value': {'old': 0.860427892389284, 'new': 0.8477852180402998}}"
17_HDoHE,Chow control,Placebo,edited,"{'P_Value': {'old': 0.151274679912451, 'new': 0.14856177489186861}, 'q_value': {'old': 0.521057230809553, 'new': 0.5197405172895369}}"
17_HDoHE,FMT,FMT_NGBB,edited,"{'P_Value': {'old': 0.0170675557672462, 'new': 0.01706755576724617}, 'q_value': {'old': 0.167966421836391, 'new': 0.1706755576724617}}"
17_HDoHE,FMT,NGBB,edited,"{'P_Value': {'old': 0.0441176470588235, 'new': 0.04411764705882353}, 'q_value': {'old': 0.268166089965398, 'new': 0.2735294117647059}}"
17_HDoHE,FMT,Placebo,edited,"{'P_Value': {'old': 0.0113750628456511, 'new': 0.01137506284565108}, 'q_value': {'old': 0.123728753759714, 'new': 0.13060257341303091}}"
17_HDoHE,FMT_NGBB,NGBB,edited,"{'P_Value': {'old': 0.346999211583947, 'new': 0.3401043685615801}, 'q_value': {'old': 0.724375458525411, 'new': 0.7102647763122479}}"
17_HDoHE,FMT_NGBB,Placebo,edited,"{'P_Value': {'old': 0.211496674008452, 'new': 0.20706115487008625}, 'q_value': {'old': 0.630422778294425, 'new': 0.6175685519853519}}"
17_HDoHE,NGBB,Placebo,edited,"{'P_Value': {'old': 0.270316628675762, 'new': 0.26429152373398135}, 'q_value': {'old': 0.659827991255796, 'new': 0.6451210421853089}}"
19_20_DiHDPA,Chow control,FMT,edited,"{'P_Value': {'old': 0.0345651080945199, 'new': 0.03456510809451986}, 'q_value': {'old': 0.249190314169794, 'new': 0.2567691365337619}}"
19_20_DiHDPA,Chow control,FMT_NGBB,edited,"{'P_Value': {'old': 0.0594980467103229, 'new': 0.060498190718590784}, 'q_value': {'old': 0.326449459826551, 'new': 0.33193697562412644}}"
19_20_DiHDPA,Chow control,NGBB,edited,"{'P_Value': {'old': 0.0335964345252271, 'new': 0.03561636409984439}, 'q_value': {'old': 0.249190314169794, 'new': 0.2567691365337619}}"
19_20_DiHDPA,Chow control,Placebo,edited,"{'P_Value': {'old': 0.101415869991721, 'new': 0.10066768749863966}, 'q_value': {'old': 0.433575942853479, 'new': 0.43343032117469854}}"
19_20_DiHDPA,FMT,FMT_NGBB,edited,"{'P_Value': {'old': 0.261411447169961, 'new': 0.2614114471699611}, 'q_value': {'old': 0.65884185872104, 'new': 0.6451210421853089}}"
19_20_DiHDPA,FMT,NGBB,edited,"{'P_Value': {'old': 0.658999497234791, 'new': 0.6589994972347913}, 'q_value': {'old': 0.909977034043587, 'new': 0.9099770340435871}}"
19_20_DiHDPA,FMT,Placebo,edited,"{'P_Value': {'old': 0.210910005027652, 'new': 0.2109100050276521}, 'q_value': {'old': 0.630422778294425, 'new': 0.6175685519853519}}"
19_20_DiHDPA,FMT_NGBB,NGBB,edited,"{'P_Value': {'old': 0.379339061799689, 'new': 0.37217143978212575}, 'q_value': {'old': 0.737966261071055, 'new': 0.7310095462148736}}"
19_20_DiHDPA,FMT_NGBB,Placebo,edited,"{'P_Value': {'old': 0.607524122129049, 'new': 0.6008776409544788}, 'q_value': {'old': 0.890460888226975, 'new': 0.8807190009261865}}"
19_20_DiHDPA,NGBB,Placebo,edited,"{'P_Value': {'old': 0.193186586375441, 'new': 0.18908180596451618}, 'q_value': {'old': 0.6079983936689, 'new': 0.59507979542132}}"
1_OG_2_OG,Chow control,FMT,edited,"{'P_Value': {'old': 0.0692559074912016, 'new': 0.06925590749120161}, 'q_value': {'old': 0.35486498053343, 'new': 0.3557664099329287}}"
1_OG_2_OG,Chow control,FMT_NGBB,edited,"{'P_Value': {'old': 0.037417959614756, 'new': 0.03922845038753884}, 'q_value': {'old': 0.263626533649417, 'new': 0.2735294117647059}}"
1_OG_2_OG,Chow control,NGBB,edited,"{'P_Value': {'old': 0.0083296476485331, 'new': 0.010439075899985922}, 'q_value': {'old': 0.0974411611715193, 'new': 0.12211749166021267}}"
1_OG_2_OG,Chow control,Placebo,edited,"{'P_Value': {'old': 0.0010404971705281, 'new': 0.0020269456469727064}, 'q_value': {'old': 0.0208099434105626, 'new': 0.03808200912494176}}"
1_OG_2_OG,FMT,FMT_NGBB,unchanged,{}
1_OG_2_OG,FMT,NGBB,edited,"{'P_Value': {'old': 0.860105580693816, 'new': 0.8601055806938159}, 'q_value': {'old': 0.998624456985329, 'new': 0.9986244569853293}}"
1_OG_2_OG,FMT,Placebo,edited,"{'P_Value': {'old': 0.478946706887883, 'new': 0.4789467068878833}, 'q_value': {'old': 0.819651789448473, 'new': 0.8093522693932313}}"
1_OG_2_OG,FMT_NGBB,NGBB,edited,"{'P_Value': {'old': 0.832752252458808, 'new': 0.8294475889935782}, 'q_value': {'old': 0.998624456985329, 'new': 0.9986244569853293}}"
1_OG_2_OG,FMT_NGBB,Placebo,edited,"{'P_Value': {'old': 0.449136810154444, 'new': 0.4417022877906004}, 'q_value': {'old': 0.797893473626806, 'new': 0.7846860126939034}}"
1_OG_2_OG,NGBB,Placebo,edited,"{'P_Value': {'old': 0.365308066546457, 'new': 0.35793336989339997}, 'q_value': {'old': 0.737966261071055, 'new': 0.7310095462148736}}"
5_HETrE,Chow control,FMT,edited,"{'P_Value': {'old': 0.425150829562594, 'new': 0.42515082956259426}, 'q_value': {'old': 0.775275042143554, 'new': 0.7740265621658066}}"
5_HETrE,Chow control,FMT_NGBB,edited,"{'P_Value': {'old': 0.235116613094807, 'new': 0.23008418191625113}, 'q_value': {'old': 0.652568829416492, 'new': 0.642577444991332}}"
5_HETrE,Chow control,NGBB,edited,"{'P_Value': {'old': 0.519032309279987, 'new': 0.5114059218501164}, 'q_value': {'old': 0.860427892389284, 'new': 0.8477852180402998}}"
5_HETrE,Chow control,Placebo,edited,"{'P_Value': {'old': 0.270316628675762, 'new': 0.26429152373398135}, 'q_value': {'old': 0.659827991255796, 'new': 0.6451210421853089}}"
5_HETrE,FMT,FMT_NGBB,edited,"{'P_Value': {'old': 0.9018020163531, 'new': 0.9018020163530999}}"
5_HETrE,FMT,NGBB,edited,"{'P_Value': {'old': 0.791415284062343, 'new': 0.7914152840623428}, 'q_value': {'old': 0.977445171551101, 'new': 0.9772242988307859}}"
5_HETrE,FMT,Placebo,edited,"{'P_Value': {'old': 0.929801407742584, 'new': 0.9298014077425841}}"
5_HETrE,FMT_NGBB,NGBB,edited,"{'P_Value': {'old': 0.486502997608126, 'new': 0.4790843272053482}, 'q_value': {'old': 0.819651789448473, 'new': 0.8093522693932313}}"
5_HETrE,FMT_NGBB,Placebo,edited,"{'P_Value': {'old': 0.880111946204287, 'new': 0.8777166830732149}}"
5_HETrE,NGBB,Placebo,edited,"{'P_Value': {'old': 0.699353020560451, 'new': 0.6935883744907081}, 'q_value': {'old': 0.94672242957965, 'new': 0.938918760227596}}"
8iso_PGA1,Chow control,FMT,edited,"{'P_Value': {'old': 0.246292106586224, 'new': 0.24629210658622425}, 'q_value': {'old': 0.652568829416492, 'new': 0.6451210421853089}}"
8iso_PGA1,Chow control,FMT_NGBB,edited,"{'P_Value': {'old': 0.525398682620381, 'new': 0.5181302014501532}, 'q_value': {'old': 0.860949601044084, 'new': 0.8498431875637434}}"
8iso_PGA1,Chow control,NGBB,unchanged,{}
8iso_PGA1,Chow control,Placebo,edited,"{'P_Value': {'old': 0.0399755043717892, 'new': 0.04178899680298453}, 'q_value': {'old': 0.263668220324567, 'new': 0.2735294117647059}}"
8iso_PGA1,FMT,FMT_NGBB,edited,"{'P_Value': {'old': 0.710843851710725, 'new': 0.7108438517107247}, 'q_value': {'old': 0.955371564883455, 'new': 0.9513378648758376}}"
8iso_PGA1,FMT,NGBB,edited,"{'P_Value': {'old': 0.374937154348919, 'new': 0.37493715434891906}, 'q_value': {'old': 0.737966261071055, 'new': 0.7310095462148736}}"
8iso_PGA1,FMT,Placebo,edited,"{'P_Value': {'old': 0.860105580693816, 'new': 0.8601055806938159}, 'q_value': {'old': 0.998624456985329, 'new': 0.9986244569853293}}"
8iso_PGA1,FMT_NGBB,NGBB,edited,"{'P_Value': {'old': 0.449136810154444, 'new': 0.4417022877906004}, 'q_value': {'old': 0.797893473626806, 'new': 0.7846860126939034}}"
8iso_PGA1,FMT_NGBB,Placebo,edited,"{'P_Value': {'old': 0.169317154779532, 'new': 0.1661199704495876}, 'q_value': {'old': 0.561372384830534, 'new': 0.5537308239608176}}"
8iso_PGA1,NGBB,Placebo,edited,"{'P_Value': {'old': 0.0192307692307692, 'new': 0.0215461209513858}, 'q_value': {'old': 0.180652680652681, 'new': 0.202402954391806}}"
8iso_PGE2,Chow control,FMT,edited,"{'P_Value': {'old': 0.150892408245349, 'new': 0.1508924082453494}, 'q_value': {'old': 0.521057230809553, 'new': 0.5197405172895369}}"
8iso_PGE2,Chow control,FMT_NGBB,edited,"{'P_Value': {'old': 0.0225001812025638, 'new': 0.024677136998399837}, 'q_value': {'old': 0.199287319222708, 'new': 0.21856892770011285}}"
8iso_PGE2,Chow control,NGBB,edited,"{'P_Value': {'old': 0.101415869991721, 'new': 0.10066768749863966}, 'q_value': {'old': 0.433575942853479, 'new': 0.43343032117469854}}"
8iso_PGE2,Chow control,Placebo,edited,"{'P_Value': {'old': 0.0192307692307692, 'new': 0.0215461209513858}, 'q_value': {'old': 0.180652680652681, 'new': 0.202402954391806}}"
8iso_PGE2,FMT,FMT_NGBB,edited,"{'P_Value': {'old': 0.261411447169961, 'new': 0.2614114471699611}, 'q_value': {'old': 0.65884185872104, 'new': 0.6451210421853089}}"
8iso_PGE2,FMT,NGBB,edited,"{'P_Value': {'old': 0.791415284062343, 'new': 0.7914152840623428}, 'q_value': {'old': 0.977445171551101, 'new': 0.9772242988307859}}"
8iso_PGE2,FMT,Placebo,edited,"{'P_Value': {'old': 1.0, 'new': 0.9999999999999999}}"
8iso_PGE2,FMT_NGBB,NGBB,edited,"{'P_Value': {'old': 0.0908423922288507, 'new': 0.09054915588749132}, 'q_value': {'old': 0.414134435160937, 'new': 0.41279762242826923}}"
8iso_PGE2,FMT_NGBB,Placebo,edited,"{'P_Value': {'old': 0.211496674008452, 'new': 0.20706115487008625}, 'q_value': {'old': 0.630422778294425, 'new': 0.6175685519853519}}"
8iso_PGE2,NGBB,Placebo,edited,"{'P_Value': {'old': 0.47785470463489, 'new': 0.4701007598741287}, 'q_value': {'old': 0.819651789448473, 'new': 0.8093522693932313}}"
9_10_DiHOME,Chow control,FMT,edited,"{'P_Value': {'old': 6.28456510809452e-05, 'new': 6.284565108094519e-05}, 'q_value': {'old': 0.002597620244679, 'new': 0.0056155026657786775}}"
9_10_DiHOME,Chow control,FMT_NGBB,edited,"{'P_Value': {'old': 5.91681840840543e-06, 'new': 9.300369697699855e-05}, 'q_value': {'old': 0.0005240610590301, 'new': 0.00576622921257391}}"
9_10_DiHOME,Chow control,NGBB,edited,"{'P_Value': {'old': 1.13405686161104e-05, 'new': 0.00013977242646358399}, 'q_value': {'old': 0.0007031152541988, 'new': 0.006666069569801697}}"
9_10_DiHOME,Chow control,Placebo,edited,"{'P_Value': {'old': 1.13405686161104e-05, 'new': 0.00013977242646358399}, 'q_value': {'old': 0.0007031152541988, 'new': 0.006666069569801697}}"
9_10_DiHOME,FMT,FMT_NGBB,edited,"{'P_Value': {'old': 0.0221084385171072, 'new': 0.022108438517107247}, 'q_value': {'old': 0.199287319222708, 'new': 0.20458555045681334}}"
9_10_DiHOME,FMT,NGBB,edited,"{'P_Value': {'old': 0.0059074912016088, 'new': 0.0059074912016088485}, 'q_value': {'old': 0.0732528908999497, 'new': 0.07962270749994535}}"
9_10_DiHOME,FMT,Placebo,edited,"{'P_Value': {'old': 0.0041478129713423, 'new': 0.004147812971342383}, 'q_value': {'old': 0.0598056754007506, 'new': 0.06368459897252347}}"
9_10_DiHOME,FMT_NGBB,NGBB,edited,"{'P_Value': {'old': 0.449136810154444, 'new': 0.4417022877906004}, 'q_value': {'old': 0.797893473626806, 'new': 0.7846860126939034}}"
9_10_DiHOME,FMT_NGBB,Placebo,edited,"{'P_Value': {'old': 0.607524122129049, 'new': 0.6008776409544788}, 'q_value': {'old': 0.890460888226975, 'new': 0.8807190009261865}}"
9_10_DiHOME,NGBB,Placebo,edited,"{'P_Value': {'old': 0.699353020560451, 'new': 0.6935883744907081}, 'q_value': {'old': 0.94672242957965, 'new': 0.938918760227596}}"
9_HODE,Chow control,FMT,edited,"{'P_Value': {'old': 0.0018853695324283, 'new': 0.0018853695324283558}, 'q_value': {'old': 0.0354220942456237, 'new': 0.03652903469079939}}"
9_HODE,Chow control,FMT_NGBB,edited,"{'P_Value': {'old': 0.0225001812025638, 'new': 0.024677136998399837}, 'q_value': {'old': 0.199287319222708, 'new': 0.21856892770011285}}"
9_HODE,Chow control,NGBB,edited,"{'P_Value': {'old': 0.299986391317661, 'new': 0.2934238832742103}, 'q_value': {'old': 0.676332954970726, 'new': 0.6663839107326388}}"
9_HODE,Chow control,Placebo,edited,"{'P_Value': {'old': 0.0024467276789258, 'new': 0.003861490663333421}, 'q_value': {'old': 0.0433420331695431, 'new': 0.06368459897252347}}"
9_HODE,FMT,FMT_NGBB,edited,"{'P_Value': {'old': 0.100261967135032, 'new': 0.10026196713503215}, 'q_value': {'old': 0.433575942853479, 'new': 0.43343032117469854}}"
9_HODE,FMT,NGBB,edited,"{'P_Value': {'old': 0.0153971845148316, 'new': 0.015397184514831573}, 'q_value': {'old': 0.156495973757305, 'new': 0.1564959737573045}}"
9_HODE,FMT,Placebo,edited,"{'P_Value': {'old': 0.246292106586224, 'new': 0.24629210658622425}, 'q_value': {'old': 0.652568829416492, 'new': 0.6451210421853089}}"
9_HODE,FMT_NGBB,NGBB,edited,"{'P_Value': {'old': 0.133548508296119, 'new': 0.1315876064066685}, 'q_value': {'old': 0.498795633395143, 'new': 0.4914717829646654}}"
9_HODE,FMT_NGBB,Placebo,edited,"{'P_Value': {'old': 0.739898141971099, 'new': 0.7349852214121391}, 'q_value': {'old': 0.957696968730859, 'new': 0.9513378648758376}}"
9_HODE,NGBB,Placebo,edited,"{'P_Value': {'old': 0.101415869991721, 'new': 0.10066768749863966}, 'q_value': {'old': 0.433575942853479, 'new': 0.43343032117469854}}"
CA,Chow control,FMT,edited,"{'P_Value': {'old': 0.929801407742584, 'new': 0.9298014077425841}}"
CA,Chow control,FMT_NGBB,edited,"{'P_Value': {'old': 0.650549746390371, 'new': 0.6443731499599503}, 'q_value': {'old': 0.909977034043587, 'new': 0.9099770340435871}}"
CA,Chow control,NGBB,edited,"{'P_Value': {'old': 0.948729289286565, 'new': 0.9476445296225945}}"
CA,Chow control,Placebo,edited,"{'P_Value': {'old': 0.699353020560451, 'new': 0.6935883744907081}, 'q_value': {'old': 0.94672242957965, 'new': 0.938918760227596}}"
CA,FMT,FMT_NGBB,edited,"{'P_Value': {'old': 0.650353258712392, 'new': 0.6503532587123918}, 'q_value': {'old': 0.909977034043587, 'new': 0.9099770340435871}}"
CA,FMT,NGBB,edited,"{'P_Value': {'old': 0.860105580693816, 'new': 0.8601055806938159}, 'q_value': {'old': 0.998624456985329, 'new': 0.9986244569853293}}"
CA,FMT,Placebo,edited,"{'P_Value': {'old': 0.860105580693816, 'new': 0.8601055806938159}, 'q_value': {'old': 0.998624456985329, 'new': 0.9986244569853293}}"
CA,FMT_NGBB,NGBB,edited,"{'P_Value': {'old': 0.739898141971099, 'new': 0.7349852214121391}, 'q_value': {'old': 0.957696968730859, 'new': 0.9513378648758376}}"
CA,FMT_NGBB,Placebo,edited,"{'P_Value': {'old': 0.975933341123811, 'new': 0.9754506745843579}}"
CA,NGBB,Placebo,edited,"{'P_Value': {'old': 0.652184760543894, 'new': 0.6457638203049723}, 'q_value': {'old': 0.909977034043587, 'new': 0.9099770340435871}}"
CDCA,Chow control,FMT,edited,"{'P_Value': {'old': 0.0345651080945199, 'new': 0.03456510809451986}, 'q_value': {'old': 0.249190314169794, 'new': 0.2567691365337619}}"
CDCA,Chow control,FMT_NGBB,edited,"{'P_Value': {'old': 0.0027986551071757, 'new': 0.004211400899795908}, 'q_value': {'old': 0.0449588119271377, 'new': 0.06368459897252347}}"
CDCA,Chow control,NGBB,edited,"{'P_Value': {'old': 0.012837523673437, 'new': 0.01511526935649349}, 'q_value': {'old': 0.13722870133674, 'new': 0.1564959737573045}}"
CDCA,Chow control,Placebo,edited,"{'P_Value': {'old': 0.0879461096179363, 'new': 0.0877681118303241}, 'q_value': {'old': 0.406914835545675, 'new': 0.40609126369254434}}"
CDCA,FMT,FMT_NGBB,unchanged,{}
CDCA,FMT,NGBB,edited,"{'P_Value': {'old': 0.658999497234791, 'new': 0.6589994972347913}, 'q_value': {'old': 0.909977034043587, 'new': 0.9099770340435871}}"
CDCA,FMT,Placebo,edited,"{'P_Value': {'old': 0.285444947209653, 'new': 0.2854449472096531}, 'q_value': {'old': 0.670222377947742, 'new': 0.6653228092856576}}"
CDCA,FMT_NGBB,NGBB,edited,"{'P_Value': {'old': 0.379339061799689, 'new': 0.37217143978212575}, 'q_value': {'old': 0.737966261071055, 'new': 0.7310095462148736}}"
CDCA,FMT_NGBB,Placebo,edited,"{'P_Value': {'old': 0.169317154779532, 'new': 0.1661199704495876}, 'q_value': {'old': 0.561372384830534, 'new': 0.5537308239608176}}"
CDCA,NGBB,Placebo,edited,"{'P_Value': {'old': 0.365308066546457, 'new': 0.35793336989339997}, 'q_value': {'old': 0.737966261071055, 'new': 0.7310095462148736}}"
DCA,Chow control,FMT,edited,"{'P_Value': {'old': 0.246292106586224, 'new': 0.24629210658622425}, 'q_value': {'old': 0.652568829416492, 'new': 0.6451210421853089}}"
DCA,Chow control,FMT_NGBB,edited,"{'P_Value': {'old': 0.832752252458808, 'new': 0.8294475889935782}, 'q_value': {'old': 0.998624456985329, 'new': 0.9986244569853293}}"
DCA,Chow control,NGBB,edited,"{'P_Value': {'old': 0.606317830776035, 'new': 0.5993606964290359}, 'q_value': {'old': 0.890460888226975, 'new': 0.8807190009261865}}"
DCA,Chow control,Placebo,edited,"{'P_Value': {'old': 0.242648476394606, 'new': 0.23721752775378102}, 'q_value': {'old': 0.652568829416492, 'new': 0.6451210421853089}}"
DCA,FMT,FMT_NGBB,unchanged,{}
DCA,FMT,NGBB,edited,"{'P_Value': {'old': 0.596153846153846, 'new': 0.5961538461538461}, 'q_value': {'old': 0.890460888226975, 'new': 0.8807190009261865}}"
DCA,FMT,Placebo,edited,"{'P_Value': {'old': 1.0, 'new': 0.9999999999999999}}"
DCA,FMT_NGBB,NGBB,edited,"{'P_Value': {'old': 0.880111946204287, 'new': 0.8777166830732149}}"
DCA,FMT_NGBB,Placebo,edited,"{'P_Value': {'old': 0.287547020216289, 'new': 0.28145768484462164}, 'q_value': {'old': 0.670222377947742, 'new': 0.6653228092856576}}"
DCA,NGBB,Placebo,edited,"{'P_Value': {'old': 0.606317830776035, 'new': 0.5993606964290359}, 'q_value': {'old': 0.890460888226975, 'new': 0.8807190009261865}}"
DEA,Chow control,FMT,edited,"{'P_Value': {'old': 0.0555555555555556, 'new': 0.05555555555555556}, 'q_value': {'old': 0.310938468833206, 'new': 0.316530876362728}}"
DEA,Chow control,FMT_NGBB,edited,"{'P_Value': {'old': 0.260447991905792, 'new': 0.2548715759015092}, 'q_value': {'old': 0.65884185872104, 'new': 0.6451210421853089}}"
DEA,Chow control,NGBB,edited,"{'P_Value': {'old': 0.365308066546457, 'new': 0.35793336989339997}, 'q_value': {'old': 0.737966261071055, 'new': 0.7310095462148736}}"
DEA,Chow control,Placebo,edited,"{'P_Value': {'old': 0.270316628675762, 'new': 0.26429152373398135}, 'q_value': {'old': 0.659827991255796, 'new': 0.6451210421853089}}"
DEA,FMT,FMT_NGBB,edited,"{'P_Value': {'old': 0.261411447169961, 'new': 0.2614114471699611}, 'q_value': {'old': 0.65884185872104, 'new': 0.6451210421853089}}"
DEA,FMT,NGBB,edited,"{'P_Value': {'old': 0.0059074912016088, 'new': 0.0059074912016088485}, 'q_value': {'old': 0.0732528908999497, 'new': 0.07962270749994535}}"
DEA,FMT,Placebo,edited,"{'P_Value': {'old': 0.328305681246858, 'new': 0.3283056812468577}, 'q_value': {'old': 0.709043243152349, 'new': 0.7018949047346613}}"
DEA,FMT_NGBB,NGBB,edited,"{'P_Value': {'old': 0.0438791253167347, 'new': 0.045474707555223745}, 'q_value': {'old': 0.268166089965398, 'new': 0.27641488906116396}}"
DEA,FMT_NGBB,Placebo,unchanged,{}
DEA,NGBB,Placebo,edited,"{'P_Value': {'old': 0.0879461096179363, 'new': 0.0877681118303241}, 'q_value': {'old': 0.406914835545675, 'new': 0.40609126369254434}}"
DHEA,Chow control,FMT,edited,"{'P_Value': {'old': 0.860105580693816, 'new': 0.8601055806938159}, 'q_value': {'old': 0.998624456985329, 'new': 0.9986244569853293}}"
DHEA,Chow control,FMT_NGBB,edited,"{'P_Value': {'old': 0.316385593138857, 'new': 0.30986525936179343}, 'q_value': {'old': 0.708155479227767, 'new': 0.6935612303404762}}"
DHEA,Chow control,NGBB,unchanged,{}
DHEA,Chow control,Placebo,edited,"{'P_Value': {'old': 0.747658172580773, 'new': 0.7426659029196823}, 'q_value': {'old': 0.957743940082809, 'new': 0.9513488839053781}}"
DHEA,FMT,FMT_NGBB,edited,"{'P_Value': {'old': 0.591807573231722, 'new': 0.5918075732317218}, 'q_value': {'old': 0.890460888226975, 'new': 0.8807190009261865}}"
DHEA,FMT,NGBB,edited,"{'P_Value': {'old': 0.929801407742584, 'new': 0.9298014077425841}}"
DHEA,FMT,Placebo,edited,"{'P_Value': {'old': 0.536010558069382, 'new': 0.5360105580693816}, 'q_value': {'old': 0.860949601044084, 'new': 0.8609496010440845}}"
DHEA,FMT_NGBB,NGBB,edited,"{'P_Value': {'old': 0.346999211583947, 'new': 0.3401043685615801}, 'q_value': {'old': 0.724375458525411, 'new': 0.7102647763122479}}"
DHEA,FMT_NGBB,Placebo,edited,"{'P_Value': {'old': 0.133548508296119, 'new': 0.1315876064066685}, 'q_value': {'old': 0.498795633395143, 'new': 0.4914717829646654}}"
DHEA,NGBB,Placebo,edited,"{'P_Value': {'old': 0.606317830776035, 'new': 0.5993606964290359}, 'q_value': {'old': 0.890460888226975, 'new': 0.8807190009261865}}"
ETAEA,Chow control,FMT,edited,"{'P_Value': {'old': 0.0555555555555556, 'new': 0.05555555555555556}, 'q_value': {'old': 0.310938468833206, 'new': 0.316530876362728}}"
ETAEA,Chow control,FMT_NGBB,edited,"{'P_Value': {'old': 0.0268002289808724, 'new': 0.02889808892436385}, 'q_value': {'old': 0.218633446949222, 'new': 0.235747567540863}}"
ETAEA,Chow control,NGBB,edited,"{'P_Value': {'old': 0.0280650721827192, 'new': 0.03023902101614863}, 'q_value': {'old': 0.223081342990845, 'new': 0.2403614491027199}}"
ETAEA,Chow control,Placebo,edited,"{'P_Value': {'old': 0.0103822905680491, 'new': 0.012586117500320342}, 'q_value': {'old': 0.114946788431972, 'new': 0.13690162895085284}}"
ETAEA,FMT,FMT_NGBB,edited,"{'P_Value': {'old': 0.167341430499325, 'new': 0.16734143049932523}, 'q_value': {'old': 0.561372384830534, 'new': 0.5537308239608176}}"
ETAEA,FMT,NGBB,edited,"{'P_Value': {'old': 0.285444947209653, 'new': 0.2854449472096531}, 'q_value': {'old': 0.670222377947742, 'new': 0.6653228092856576}}"
ETAEA,FMT,Placebo,edited,"{'P_Value': {'old': 0.425150829562594, 'new': 0.42515082956259426}, 'q_value': {'old': 0.775275042143554, 'new': 0.7740265621658066}}"
ETAEA,FMT_NGBB,NGBB,edited,"{'P_Value': {'old': 0.927908005307386, 'new': 0.9264448963254215}}"
ETAEA,FMT_NGBB,Placebo,edited,"{'P_Value': {'old': 0.739898141971099, 'new': 0.7349852214121391}, 'q_value': {'old': 0.957696968730859, 'new': 0.9513378648758376}}"
ETAEA,NGBB,Placebo,edited,"{'P_Value': {'old': 0.948729289286565, 'new': 0.9476445296225945}}"
FA18.1_w9,Chow control,FMT,edited,"{'P_Value': {'old': 0.150892408245349, 'new': 0.1508924082453494}, 'q_value': {'old': 0.521057230809553, 'new': 0.5197405172895369}}"
FA18.1_w9,Chow control,FMT_NGBB,edited,"{'P_Value': {'old': 0.0225001812025638, 'new': 0.024677136998399837}, 'q_value': {'old': 0.199287319222708, 'new': 0.21856892770011285}}"
FA18.1_w9,Chow control,NGBB,edited,"{'P_Value': {'old': 0.0031810294968189, 'new': 0.00474882814615442}, 'q_value': {'old': 0.049305957200694, 'new': 0.0701017488241843}}"
FA18.1_w9,Chow control,Placebo,edited,"{'P_Value': {'old': 0.0041024506968779, 'new': 0.0058168572158804575}, 'q_value': {'old': 0.0598056754007506, 'new': 0.07962270749994535}}"
FA18.1_w9,FMT,FMT_NGBB,edited,"{'P_Value': {'old': 0.650353258712392, 'new': 0.6503532587123918}, 'q_value': {'old': 0.909977034043587, 'new': 0.9099770340435871}}"
FA18.1_w9,FMT,NGBB,edited,"{'P_Value': {'old': 0.860105580693816, 'new': 0.8601055806938159}, 'q_value': {'old': 0.998624456985329, 'new': 0.9986244569853293}}"
FA18.1_w9,FMT,Placebo,edited,"{'P_Value': {'old': 0.791415284062343, 'new': 0.7914152840623428}, 'q_value': {'old': 0.977445171551101, 'new': 0.9772242988307859}}"
FA18.1_w9,FMT_NGBB,NGBB,edited,"{'P_Value': {'old': 0.832752252458808, 'new': 0.8294475889935782}, 'q_value': {'old': 0.998624456985329, 'new': 0.9986244569853293}}"
FA18.1_w9,FMT_NGBB,Placebo,edited,"{'P_Value': {'old': 0.975933341123811, 'new': 0.9754506745843579}}"
FA18.1_w9,NGBB,Placebo,edited,"{'P_Value': {'old': 0.948729289286565, 'new': 0.9476445296225945}}"
FA18.2_w6,Chow control,FMT,edited,"{'P_Value': {'old': 0.0002513826043237, 'new': 0.00025138260432378077}, 'q_value': {'old': 0.0074217721276544, 'new': 0.009741075917546504}}"
FA18.2_w6,Chow control,FMT_NGBB,edited,"{'P_Value': {'old': 2.95840920420272e-06, 'new': 7.196300447969656e-05}, 'q_value': {'old': 0.0003057022844342, 'new': 0.0056155026657786775}}"
FA18.2_w6,Chow control,NGBB,edited,"{'P_Value': {'old': 3.40217058483312e-05, 'new': 0.00023577063401821838}, 'q_value': {'old': 0.0017577881354971, 'new': 0.009741075917546504}}"
FA18.2_w6,Chow control,Placebo,edited,"{'P_Value': {'old': 1.13405686161104e-05, 'new': 0.00013977242646358399}, 'q_value': {'old': 0.0007031152541988, 'new': 0.006666069569801697}}"
FA18.2_w6,FMT,FMT_NGBB,unchanged,{}
FA18.2_w6,FMT,NGBB,edited,"{'P_Value': {'old': 0.724233283056812, 'new': 0.7242332830568124}, 'q_value': {'old': 0.955371564883455, 'new': 0.9513378648758376}}"
FA18.2_w6,FMT,Placebo,edited,"{'P_Value': {'old': 0.658999497234791, 'new': 0.6589994972347913}, 'q_value': {'old': 0.909977034043587, 'new': 0.9099770340435871}}"
FA18.2_w6,FMT_NGBB,NGBB,edited,"{'P_Value': {'old': 0.832752252458808, 'new': 0.8294475889935782}, 'q_value': {'old': 0.998624456985329, 'new': 0.9986244569853293}}"
FA18.2_w6,FMT_NGBB,Placebo,edited,"{'P_Value': {'old': 0.607524122129049, 'new': 0.6008776409544788}, 'q_value': {'old': 0.890460888226975, 'new': 0.8807190009261865}}"
FA18.2_w6,NGBB,Placebo,edited,"{'P_Value': {'old': 0.519032309279987, 'new': 0.5114059218501164}, 'q_value': {'old': 0.860427892389284, 'new': 0.8477852180402998}}"
FA18.3,Chow control,FMT,edited,"{'P_Value': {'old': 6.28456510809452e-05, 'new': 6.284565108094519e-05}, 'q_value': {'old': 0.002597620244679, 'new': 0.0056155026657786775}}"
FA18.3,Chow control,FMT_NGBB,edited,"{'P_Value': {'old': 1.47920460210136e-06, 'new': 5.548185695864912e-05}, 'q_value': {'old': 0.0003057022844342, 'new': 0.0056155026657786775}}"
FA18.3,Chow control,NGBB,edited,"{'P_Value': {'old': 2.8351421540276e-06, 'new': 8.151536127743242e-05}, 'q_value': {'old': 0.0003057022844342, 'new': 0.0056155026657786775}}"
FA18.3,Chow control,Placebo,edited,"{'P_Value': {'old': 3.40217058483312e-05, 'new': 0.00023577063401821838}, 'q_value': {'old': 0.0017577881354971, 'new': 0.009741075917546504}}"
FA18.3,FMT,FMT_NGBB,edited,"{'P_Value': {'old': 0.142216400730333, 'new': 0.14221640073033262}, 'q_value': {'old': 0.521057230809553, 'new': 0.5197405172895369}}"
FA18.3,FMT,NGBB,edited,"{'P_Value': {'old': 0.179110105580694, 'new': 0.17911010558069382}, 'q_value': {'old': 0.578376382604324, 'new': 0.5783763826043238}}"
FA18.3,FMT,Placebo,edited,"{'P_Value': {'old': 0.0345651080945199, 'new': 0.03456510809451986}, 'q_value': {'old': 0.249190314169794, 'new': 0.2567691365337619}}"
FA18.3,FMT_NGBB,NGBB,edited,"{'P_Value': {'old': 0.694702524558494, 'new': 0.6891216451070523}, 'q_value': {'old': 0.94672242957965, 'new': 0.938918760227596}}"
FA18.3,FMT_NGBB,Placebo,edited,"{'P_Value': {'old': 0.379339061799689, 'new': 0.37217143978212575}, 'q_value': {'old': 0.737966261071055, 'new': 0.7310095462148736}}"
FA18.3,NGBB,Placebo,edited,"{'P_Value': {'old': 0.116408101702219, 'new': 0.11503496229473924}, 'q_value': {'old': 0.471712430791715, 'new': 0.4662036781288558}}"
FA18.3_w3,Chow control,FMT,edited,"{'P_Value': {'old': 6.28456510809452e-05, 'new': 6.284565108094519e-05}, 'q_value': {'old': 0.002597620244679, 'new': 0.0056155026657786775}}"
FA18.3_w3,Chow control,FMT_NGBB,edited,"{'P_Value': {'old': 1.47920460210136e-06, 'new': 5.548185695864912e-05}, 'q_value': {'old': 0.0003057022844342, 'new': 0.0056155026657786775}}"
FA18.3_w3,Chow control,NGBB,edited,"{'P_Value': {'old': 2.8351421540276e-06, 'new': 8.151536127743242e-05}, 'q_value': {'old': 0.0003057022844342, 'new': 0.0056155026657786775}}"
FA18.3_w3,Chow control,Placebo,edited,"{'P_Value': {'old': 2.8351421540276e-06, 'new': 8.151536127743242e-05}, 'q_value': {'old': 0.0003057022844342, 'new': 0.0056155026657786775}}"
FA18.3_w3,FMT,FMT_NGBB,edited,"{'q_value': {'old': 0.403920033466509, 'new': 0.4039200334665085}}"
FA18.3_w3,FMT,NGBB,edited,"{'P_Value': {'old': 0.0555555555555556, 'new': 0.05555555555555556}, 'q_value': {'old': 0.310938468833206, 'new': 0.316530876362728}}"
FA18.3_w3,FMT,Placebo,edited,"{'P_Value': {'old': 0.210910005027652, 'new': 0.2109100050276521}, 'q_value': {'old': 0.630422778294425, 'new': 0.6175685519853519}}"
FA18.3_w3,FMT_NGBB,NGBB,edited,"{'P_Value': {'old': 0.785948739643719, 'new': 0.7818140034887688}, 'q_value': {'old': 0.977445171551101, 'new': 0.9772242988307859}}"
FA18.3_w3,FMT_NGBB,Placebo,edited,"{'P_Value': {'old': 0.379339061799689, 'new': 0.37217143978212575}, 'q_value': {'old': 0.737966261071055, 'new': 0.7310095462148736}}"
FA18.3_w3,NGBB,Placebo,edited,"{'P_Value': {'old': 0.270316628675762, 'new': 0.26429152373398135}, 'q_value': {'old': 0.659827991255796, 'new': 0.6451210421853089}}"
FA20.3_w6,Chow control,FMT,edited,"{'P_Value': {'old': 0.425150829562594, 'new': 0.42515082956259426}, 'q_value': {'old': 0.775275042143554, 'new': 0.7740265621658066}}"
FA20.3_w6,Chow control,FMT_NGBB,edited,"{'P_Value': {'old': 0.287547020216289, 'new': 0.28145768484462164}, 'q_value': {'old': 0.670222377947742, 'new': 0.6653228092856576}}"
FA20.3_w6,Chow control,NGBB,edited,"{'P_Value': {'old': 0.132993683303281, 'new': 0.13096810379821186}, 'q_value': {'old': 0.498795633395143, 'new': 0.4914717829646654}}"
FA20.3_w6,Chow control,Placebo,edited,"{'P_Value': {'old': 0.652184760543894, 'new': 0.6457638203049723}, 'q_value': {'old': 0.909977034043587, 'new': 0.9099770340435871}}"
FA20.3_w6,FMT,FMT_NGBB,unchanged,{}
FA20.3_w6,FMT,NGBB,edited,"{'P_Value': {'old': 0.658999497234791, 'new': 0.6589994972347913}, 'q_value': {'old': 0.909977034043587, 'new': 0.9099770340435871}}"
FA20.3_w6,FMT,Placebo,edited,"{'P_Value': {'old': 0.724233283056812, 'new': 0.7242332830568124}, 'q_value': {'old': 0.955371564883455, 'new': 0.9513378648758376}}"
FA20.3_w6,FMT_NGBB,NGBB,edited,"{'P_Value': {'old': 0.739898141971099, 'new': 0.7349852214121391}, 'q_value': {'old': 0.957696968730859, 'new': 0.9513378648758376}}"
FA20.3_w6,FMT_NGBB,Placebo,edited,"{'P_Value': {'old': 0.525398682620381, 'new': 0.5181302014501532}, 'q_value': {'old': 0.860949601044084, 'new': 0.8498431875637434}}"
FA20.3_w6,NGBB,Placebo,edited,"{'P_Value': {'old': 0.438463239546831, 'new': 0.430708328947102}, 'q_value': {'old': 0.785685573754437, 'new': 0.7740265621658066}}"
FA22.5_w3,Chow control,FMT,edited,"{'P_Value': {'old': 0.0692559074912016, 'new': 0.06925590749120161}, 'q_value': {'old': 0.35486498053343, 'new': 0.3557664099329287}}"
FA22.5_w3,Chow control,FMT_NGBB,edited,"{'P_Value': {'old': 0.150667343156238, 'new': 0.1480860615850711}, 'q_value': {'old': 0.521057230809553, 'new': 0.5197405172895369}}"
FA22.5_w3,Chow control,NGBB,edited,"{'P_Value': {'old': 0.0399755043717892, 'new': 0.04178899680298453}, 'q_value': {'old': 0.263668220324567, 'new': 0.2735294117647059}}"
FA22.5_w3,Chow control,Placebo,edited,"{'P_Value': {'old': 0.132993683303281, 'new': 0.13096810379821186}, 'q_value': {'old': 0.498795633395143, 'new': 0.4914717829646654}}"
FA22.5_w3,FMT,FMT_NGBB,unchanged,{}
FA22.5_w3,FMT,NGBB,edited,"{'P_Value': {'old': 0.860105580693816, 'new': 0.8601055806938159}, 'q_value': {'old': 0.998624456985329, 'new': 0.9986244569853293}}"
FA22.5_w3,FMT,Placebo,edited,"{'P_Value': {'old': 0.791415284062343, 'new': 0.7914152840623428}, 'q_value': {'old': 0.977445171551101, 'new': 0.9772242988307859}}"
FA22.5_w3,FMT_NGBB,NGBB,edited,"{'P_Value': {'old': 0.785948739643719, 'new': 0.7818140034887688}, 'q_value': {'old': 0.977445171551101, 'new': 0.9772242988307859}}"
FA22.5_w3,FMT_NGBB,Placebo,edited,"{'P_Value': {'old': 0.880111946204287, 'new': 0.8777166830732149}}"
FA22.5_w3,NGBB,Placebo,edited,"{'P_Value': {'old': 0.747658172580773, 'new': 0.7426659029196823}, 'q_value': {'old': 0.957743940082809, 'new': 0.9513488839053781}}"
FA22.6_w3,Chow control,FMT,edited,"{'P_Value': {'old': 0.0555555555555556, 'new': 0.05555555555555556}, 'q_value': {'old': 0.310938468833206, 'new': 0.316530876362728}}"
FA22.6_w3,Chow control,FMT_NGBB,edited,"{'P_Value': {'old': 0.0044893859673776, 'new': 0.0061666559640276035}, 'q_value': {'old': 0.063259529540321, 'new': 0.0813473765467471}}"
FA22.6_w3,Chow control,NGBB,edited,"{'P_Value': {'old': 0.0003940847594098, 'new': 0.001026174217456427}, 'q_value': {'old': 0.0095590752786565, 'new': 0.023564000548999434}}"
FA22.6_w3,Chow control,Placebo,edited,"{'P_Value': {'old': 0.0103822905680491, 'new': 0.012586117500320342}, 'q_value': {'old': 0.114946788431972, 'new': 0.13690162895085284}}"
FA22.6_w3,FMT,FMT_NGBB,unchanged,{}
FA22.6_w3,FMT,NGBB,edited,"{'P_Value': {'old': 0.210910005027652, 'new': 0.2109100050276521}, 'q_value': {'old': 0.630422778294425, 'new': 0.6175685519853519}}"
FA22.6_w3,FMT,Placebo,edited,"{'P_Value': {'old': 0.860105580693816, 'new': 0.8601055806938159}, 'q_value': {'old': 0.998624456985329, 'new': 0.9986244569853293}}"
FA22.6_w3,FMT_NGBB,NGBB,edited,"{'P_Value': {'old': 0.117928107697929, 'new': 0.11655091953221396}, 'q_value': {'old': 0.471712430791715, 'new': 0.4662036781288558}}"
FA22.6_w3,FMT_NGBB,Placebo,edited,"{'P_Value': {'old': 0.486502997608126, 'new': 0.4790843272053482}, 'q_value': {'old': 0.819651789448473, 'new': 0.8093522693932313}}"
FA22.6_w3,NGBB,Placebo,edited,"{'P_Value': {'old': 0.400923122285351, 'new': 0.39330163935061535}, 'q_value': {'old': 0.757842487246701, 'new': 0.7434360256017729}}"
LCA,Chow control,FMT,edited,"{'P_Value': {'old': 0.0853443941679236, 'new': 0.08534439416792358}, 'q_value': {'old': 0.403920033466509, 'new': 0.4039200334665085}}"
LCA,Chow control,FMT_NGBB,edited,"{'P_Value': {'old': 0.037417959614756, 'new': 0.03922845038753884}, 'q_value': {'old': 0.263626533649417, 'new': 0.2735294117647059}}"
LCA,Chow control,NGBB,edited,"{'P_Value': {'old': 0.400923122285351, 'new': 0.39330163935061535}, 'q_value': {'old': 0.757842487246701, 'new': 0.7434360256017729}}"
LCA,Chow control,Placebo,edited,"{'P_Value': {'old': 0.0083296476485331, 'new': 0.010439075899985922}, 'q_value': {'old': 0.0974411611715193, 'new': 0.12211749166021267}}"
LCA,FMT,FMT_NGBB,edited,"{'P_Value': {'old': 0.9018020163531, 'new': 0.9018020163530999}}"
LCA,FMT,NGBB,edited,"{'P_Value': {'old': 0.791415284062343, 'new': 0.7914152840623428}, 'q_value': {'old': 0.977445171551101, 'new': 0.9772242988307859}}"
LCA,FMT,Placebo,edited,"{'P_Value': {'old': 0.929801407742584, 'new': 0.9298014077425841}}"
LCA,FMT_NGBB,NGBB,edited,"{'P_Value': {'old': 0.525398682620381, 'new': 0.5181302014501532}, 'q_value': {'old': 0.860949601044084, 'new': 0.8498431875637434}}"
LCA,FMT_NGBB,Placebo,edited,"{'P_Value': {'old': 0.880111946204287, 'new': 0.8777166830732149}}"
LCA,NGBB,Placebo,edited,"{'P_Value': {'old': 0.400923122285351, 'new': 0.39330163935061535}, 'q_value': {'old': 0.757842487246701, 'new': 0.7434360256017729}}"
LPA14.0,Chow control,FMT,edited,"{'P_Value': {'old': 0.0153971845148316, 'new': 0.015397184514831573}, 'q_value': {'old': 0.156495973757305, 'new': 0.1564959737573045}}"
LPA14.0,Chow control,FMT_NGBB,edited,"{'P_Value': {'old': 0.0317437307610951, 'new': 0.03372635757681134}, 'q_value': {'old': 0.249128013568088, 'new': 0.2567691365337619}}"
LPA14.0,Chow control,NGBB,edited,"{'P_Value': {'old': 0.0103822905680491, 'new': 0.012586117500320342}, 'q_value': {'old': 0.114946788431972, 'new': 0.13690162895085284}}"
LPA14.0,Chow control,Placebo,edited,"{'P_Value': {'old': 0.0758910851790109, 'new': 0.07623611561456438}, 'q_value': {'old': 0.385676006647432, 'new': 0.3874294400084419}}"
LPA14.0,FMT,FMT_NGBB,unchanged,{}
LPA14.0,FMT,NGBB,edited,"{'P_Value': {'old': 0.478946706887883, 'new': 0.4789467068878833}, 'q_value': {'old': 0.819651789448473, 'new': 0.8093522693932313}}"
LPA14.0,FMT,Placebo,edited,"{'P_Value': {'old': 0.328305681246858, 'new': 0.3283056812468577}, 'q_value': {'old': 0.709043243152349, 'new': 0.7018949047346613}}"
LPA14.0,FMT_NGBB,NGBB,edited,"{'P_Value': {'old': 0.880111946204287, 'new': 0.8777166830732149}}"
LPA14.0,FMT_NGBB,Placebo,edited,"{'P_Value': {'old': 0.607524122129049, 'new': 0.6008776409544788}, 'q_value': {'old': 0.890460888226975, 'new': 0.8807190009261865}}"
LPA14.0,NGBB,Placebo,edited,"{'P_Value': {'old': 0.47785470463489, 'new': 0.4701007598741287}, 'q_value': {'old': 0.819651789448473, 'new': 0.8093522693932313}}"
LPA16.1,Chow control,FMT,edited,"{'P_Value': {'old': 0.0692559074912016, 'new': 0.06925590749120161}, 'q_value': {'old': 0.35486498053343, 'new': 0.3557664099329287}}"
LPA16.1,Chow control,FMT_NGBB,edited,"{'P_Value': {'old': 0.117928107697929, 'new': 0.11655091953221396}, 'q_value': {'old': 0.471712430791715, 'new': 0.4662036781288558}}"
LPA16.1,Chow control,NGBB,edited,"{'P_Value': {'old': 0.0233077036482609, 'new': 0.02557464990093703}, 'q_value': {'old': 0.200705225860025, 'new': 0.22022615192473555}}"
LPA16.1,Chow control,Placebo,edited,"{'P_Value': {'old': 0.0052365075584889, 'new': 0.0070968436292014455}, 'q_value': {'old': 0.0690773337502802, 'new': 0.08800086100209793}}"
LPA16.1,FMT,FMT_NGBB,edited,"{'P_Value': {'old': 0.836945304437564, 'new': 0.8369453044375644}, 'q_value': {'old': 0.998624456985329, 'new': 0.9986244569853293}}"
LPA16.1,FMT,NGBB,edited,"{'P_Value': {'old': 0.860105580693816, 'new': 0.8601055806938159}, 'q_value': {'old': 0.998624456985329, 'new': 0.9986244569853293}}"
LPA16.1,FMT,Placebo,edited,"{'P_Value': {'old': 0.374937154348919, 'new': 0.37493715434891906}, 'q_value': {'old': 0.737966261071055, 'new': 0.7310095462148736}}"
LPA16.1,FMT_NGBB,NGBB,edited,"{'P_Value': {'old': 0.975933341123811, 'new': 0.9754506745843579}}"
LPA16.1,FMT_NGBB,Placebo,edited,"{'P_Value': {'old': 0.486502997608126, 'new': 0.4790843272053482}, 'q_value': {'old': 0.819651789448473, 'new': 0.8093522693932313}}"
LPA16.1,NGBB,Placebo,edited,"{'P_Value': {'old': 0.438463239546831, 'new': 0.430708328947102}, 'q_value': {'old': 0.785685573754437, 'new': 0.7740265621658066}}"
LPA18.2,Chow control,FMT,edited,"{'P_Value': {'old': 0.596153846153846, 'new': 0.5961538461538461}, 'q_value': {'old': 0.890460888226975, 'new': 0.8807190009261865}}"
LPA18.2,Chow control,FMT_NGBB,edited,"{'P_Value': {'old': 0.117928107697929, 'new': 0.11655091953221396}, 'q_value': {'old': 0.471712430791715, 'new': 0.4662036781288558}}"
LPA18.2,Chow control,NGBB,edited,"{'P_Value': {'old': 0.331649258893841, 'new': 0.32463627173040743}, 'q_value': {'old': 0.709043243152349, 'new': 0.7018949047346613}}"
LPA18.2,Chow control,Placebo,edited,"{'P_Value': {'old': 0.561888318080269, 'new': 0.5545304064894243}, 'q_value': {'old': 0.883592026532772, 'new': 0.872622393400388}}"
LPA18.2,FMT,FMT_NGBB,edited,"{'P_Value': {'old': 0.591807573231722, 'new': 0.5918075732317218}, 'q_value': {'old': 0.890460888226975, 'new': 0.8807190009261865}}"
LPA18.2,FMT,NGBB,edited,"{'P_Value': {'old': 0.929801407742584, 'new': 0.9298014077425841}}"
LPA18.2,FMT,Placebo,edited,"{'P_Value': {'old': 0.596153846153846, 'new': 0.5961538461538461}, 'q_value': {'old': 0.890460888226975, 'new': 0.8807190009261865}}"
LPA18.2,FMT_NGBB,NGBB,edited,"{'P_Value': {'old': 0.486502997608126, 'new': 0.4790843272053482}, 'q_value': {'old': 0.819651789448473, 'new': 0.8093522693932313}}"
LPA18.2,FMT_NGBB,Placebo,edited,"{'P_Value': {'old': 0.287547020216289, 'new': 0.28145768484462164}, 'q_value': {'old': 0.670222377947742, 'new': 0.6653228092856576}}"
LPA18.2,NGBB,Placebo,edited,"{'P_Value': {'old': 0.652184760543894, 'new': 0.6457638203049723}, 'q_value': {'old': 0.909977034043587, 'new': 0.9099770340435871}}"
LPA20.4,Chow control,FMT,edited,"{'P_Value': {'old': 0.374937154348919, 'new': 0.37493715434891906}, 'q_value': {'old': 0.737966261071055, 'new': 0.7310095462148736}}"
LPA20.4,Chow control,FMT_NGBB,edited,"{'P_Value': {'old': 0.0688170357035615, 'new': 0.06943183161594253}, 'q_value': {'old': 0.35486498053343, 'new': 0.3557664099329287}}"
LPA20.4,Chow control,NGBB,edited,"{'P_Value': {'old': 0.0399755043717892, 'new': 0.04178899680298453}, 'q_value': {'old': 0.263668220324567, 'new': 0.2735294117647059}}"
LPA20.4,Chow control,Placebo,edited,"{'P_Value': {'old': 0.0651685775524785, 'new': 0.06597105309665711}, 'q_value': {'old': 0.354425597215234, 'new': 0.3557664099329287}}"
LPA20.4,FMT,FMT_NGBB,edited,"{'q_value': {'old': 0.860949601044084, 'new': 0.8609496010440845}}"
LPA20.4,FMT,NGBB,edited,"{'P_Value': {'old': 0.374937154348919, 'new': 0.37493715434891906}, 'q_value': {'old': 0.737966261071055, 'new': 0.7310095462148736}}"
LPA20.4,FMT,Placebo,edited,"{'P_Value': {'old': 0.478946706887883, 'new': 0.4789467068878833}, 'q_value': {'old': 0.819651789448473, 'new': 0.8093522693932313}}"
LPA20.4,FMT_NGBB,NGBB,edited,"{'P_Value': {'old': 0.927908005307386, 'new': 0.9264448963254215}}"
LPA20.4,FMT_NGBB,Placebo,unchanged,{}
LPA20.4,NGBB,Placebo,edited,"{'P_Value': {'old': 0.948729289286565, 'new': 0.9476445296225945}}"
LPA22.5,Chow control,FMT,edited,"{'P_Value': {'old': 1.0, 'new': 0.9999999999999999}}"
LPA22.5,Chow control,FMT_NGBB,edited,"{'P_Value': {'old': 0.316385593138857, 'new': 0.30986525936179343}, 'q_value': {'old': 0.708155479227767, 'new': 0.6935612303404762}}"
LPA22.5,Chow control,NGBB,edited,"{'P_Value': {'old': 0.846998718515746, 'new': 0.8438314252467704}, 'q_value': {'old': 0.998624456985329, 'new': 0.9986244569853293}}"
LPA22.5,Chow control,Placebo,edited,"{'P_Value': {'old': 0.47785470463489, 'new': 0.4701007598741287}, 'q_value': {'old': 0.819651789448473, 'new': 0.8093522693932313}}"
LPA22.5,FMT,FMT_NGBB,edited,"{'q_value': {'old': 0.860949601044084, 'new': 0.8609496010440845}}"
LPA22.5,FMT,NGBB,edited,"{'P_Value': {'old': 0.929801407742584, 'new': 0.9298014077425841}}"
LPA22.5,FMT,Placebo,edited,"{'P_Value': {'old': 0.374937154348919, 'new': 0.37493715434891906}, 'q_value': {'old': 0.737966261071055, 'new': 0.7310095462148736}}"
LPA22.5,FMT_NGBB,NGBB,edited,"{'P_Value': {'old': 0.379339061799689, 'new': 0.37217143978212575}, 'q_value': {'old': 0.737966261071055, 'new': 0.7310095462148736}}"
LPA22.5,FMT_NGBB,Placebo,edited,"{'P_Value': {'old': 0.832752252458808, 'new': 0.8294475889935782}, 'q_value': {'old': 0.998624456985329, 'new': 0.9986244569853293}}"
LPA22.5,NGBB,Placebo,edited,"{'P_Value': {'old': 0.331649258893841, 'new': 0.32463627173040743}, 'q_value': {'old': 0.709043243152349, 'new': 0.7018949047346613}}"
LPA22.6,Chow control,FMT,edited,"{'P_Value': {'old': 1.0, 'new': 0.9999999999999999}}"
LPA22.6,Chow control,FMT_NGBB,edited,"{'P_Value': {'old': 0.211496674008452, 'new': 0.20706115487008625}, 'q_value': {'old': 0.630422778294425, 'new': 0.6175685519853519}}"
LPA22.6,Chow control,NGBB,edited,"{'P_Value': {'old': 0.0879461096179363, 'new': 0.0877681118303241}, 'q_value': {'old': 0.406914835545675, 'new': 0.40609126369254434}}"
LPA22.6,Chow control,Placebo,edited,"{'P_Value': {'old': 0.242648476394606, 'new': 0.23721752775378102}, 'q_value': {'old': 0.652568829416492, 'new': 0.6451210421853089}}"
LPA22.6,FMT,FMT_NGBB,edited,"{'P_Value': {'old': 0.261411447169961, 'new': 0.2614114471699611}, 'q_value': {'old': 0.65884185872104, 'new': 0.6451210421853089}}"
LPA22.6,FMT,NGBB,edited,"{'P_Value': {'old': 0.179110105580694, 'new': 0.17911010558069382}, 'q_value': {'old': 0.578376382604324, 'new': 0.5783763826043238}}"
LPA22.6,FMT,Placebo,edited,"{'P_Value': {'old': 0.328305681246858, 'new': 0.3283056812468577}, 'q_value': {'old': 0.709043243152349, 'new': 0.7018949047346613}}"
LPA22.6,FMT_NGBB,NGBB,unchanged,{}
LPA22.6,FMT_NGBB,Placebo,edited,"{'P_Value': {'old': 0.739898141971099, 'new': 0.7349852214121391}, 'q_value': {'old': 0.957696968730859, 'new': 0.9513378648758376}}"
LPA22.6,NGBB,Placebo,edited,"{'P_Value': {'old': 0.747658172580773, 'new': 0.7426659029196823}, 'q_value': {'old': 0.957743940082809, 'new': 0.9513488839053781}}"
LPE16.0,Chow control,FMT,edited,"{'P_Value': {'old': 0.179110105580694, 'new': 0.17911010558069382}, 'q_value': {'old': 0.578376382604324, 'new': 0.5783763826043238}}"
LPE16.0,Chow control,FMT_NGBB,edited,"{'P_Value': {'old': 0.0021847851973037, 'new': 0.003462059404058883}, 'q_value': {'old': 0.0398402006567146, 'new': 0.06132790944332879}}"
LPE16.0,Chow control,NGBB,edited,"{'P_Value': {'old': 0.0007654883815874, 'new': 0.0016220041892740272}, 'q_value': {'old': 0.015820093219474, 'new': 0.03352141991166323}}"
LPE16.0,Chow control,Placebo,edited,"{'P_Value': {'old': 0.0052365075584889, 'new': 0.0070968436292014455}, 'q_value': {'old': 0.0690773337502802, 'new': 0.08800086100209793}}"
LPE16.0,FMT,FMT_NGBB,edited,"{'P_Value': {'old': 0.226839723743749, 'new': 0.2268397237437485}, 'q_value': {'old': 0.651114021857056, 'new': 0.642577444991332}}"
LPE16.0,FMT,NGBB,edited,"{'P_Value': {'old': 0.0555555555555556, 'new': 0.05555555555555556}, 'q_value': {'old': 0.310938468833206, 'new': 0.316530876362728}}"
LPE16.0,FMT,Placebo,edited,"{'P_Value': {'old': 0.328305681246858, 'new': 0.3283056812468577}, 'q_value': {'old': 0.709043243152349, 'new': 0.7018949047346613}}"
LPE16.0,FMT_NGBB,NGBB,edited,"{'P_Value': {'old': 0.607524122129049, 'new': 0.6008776409544788}, 'q_value': {'old': 0.890460888226975, 'new': 0.8807190009261865}}"
LPE16.0,FMT_NGBB,Placebo,edited,"{'P_Value': {'old': 0.607524122129049, 'new': 0.6008776409544788}, 'q_value': {'old': 0.890460888226975, 'new': 0.8807190009261865}}"
LPE16.0,NGBB,Placebo,edited,"{'P_Value': {'old': 0.365308066546457, 'new': 0.35793336989339997}, 'q_value': {'old': 0.737966261071055, 'new': 0.7310095462148736}}"
LPE18.0,Chow control,FMT,edited,"{'P_Value': {'old': 0.246292106586224, 'new': 0.24629210658622425}, 'q_value': {'old': 0.652568829416492, 'new': 0.6451210421853089}}"
LPE18.0,Chow control,FMT_NGBB,edited,"{'P_Value': {'old': 0.260447991905792, 'new': 0.2548715759015092}, 'q_value': {'old': 0.65884185872104, 'new': 0.6451210421853089}}"
LPE18.0,Chow control,NGBB,edited,"{'P_Value': {'old': 0.652184760543894, 'new': 0.6457638203049723}, 'q_value': {'old': 0.909977034043587, 'new': 0.9099770340435871}}"
LPE18.0,Chow control,Placebo,edited,"{'P_Value': {'old': 0.216945077626192, 'new': 0.21216467995625798}, 'q_value': {'old': 0.631483324545724, 'new': 0.6175685519853519}}"
LPE18.0,FMT,FMT_NGBB,edited,"{'q_value': {'old': 0.403920033466509, 'new': 0.4039200334665085}}"
LPE18.0,FMT,NGBB,edited,"{'P_Value': {'old': 0.724233283056812, 'new': 0.7242332830568124}, 'q_value': {'old': 0.955371564883455, 'new': 0.9513378648758376}}"
LPE18.0,FMT,Placebo,edited,"{'P_Value': {'old': 0.658999497234791, 'new': 0.6589994972347913}, 'q_value': {'old': 0.909977034043587, 'new': 0.9099770340435871}}"
LPE18.0,FMT_NGBB,NGBB,edited,"{'P_Value': {'old': 0.0908423922288507, 'new': 0.09054915588749132}, 'q_value': {'old': 0.414134435160937, 'new': 0.41279762242826923}}"
LPE18.0,FMT_NGBB,Placebo,edited,"{'P_Value': {'old': 0.0438791253167347, 'new': 0.045474707555223745}, 'q_value': {'old': 0.268166089965398, 'new': 0.27641488906116396}}"
LPE18.0,NGBB,Placebo,edited,"{'P_Value': {'old': 0.47785470463489, 'new': 0.4701007598741287}, 'q_value': {'old': 0.819651789448473, 'new': 0.8093522693932313}}"
LPE18.3,Chow control,FMT,edited,"{'P_Value': {'old': 0.0041478129713423, 'new': 0.004147812971342383}, 'q_value': {'old': 0.0598056754007506, 'new': 0.06368459897252347}}"
LPE18.3,Chow control,FMT_NGBB,edited,"{'P_Value': {'old': 0.0002884448974097, 'new': 0.0007958240403044203}, 'q_value': {'old': 0.0081289016542751, 'new': 0.02145264804298872}}"
LPE18.3,Chow control,NGBB,edited,"{'P_Value': {'old': 0.0399755043717892, 'new': 0.04178899680298453}, 'q_value': {'old': 0.263668220324567, 'new': 0.2735294117647059}}"
LPE18.3,Chow control,Placebo,edited,"{'P_Value': {'old': 0.132993683303281, 'new': 0.13096810379821186}, 'q_value': {'old': 0.498795633395143, 'new': 0.4914717829646654}}"
LPE18.3,FMT,FMT_NGBB,edited,"{'P_Value': {'old': 0.384456616654759, 'new': 0.38445661665475905}, 'q_value': {'old': 0.737966261071055, 'new': 0.7379662610710545}}"
LPE18.3,FMT,NGBB,edited,"{'P_Value': {'old': 0.285444947209653, 'new': 0.2854449472096531}, 'q_value': {'old': 0.670222377947742, 'new': 0.6653228092856576}}"
LPE18.3,FMT,Placebo,edited,"{'P_Value': {'old': 0.658999497234791, 'new': 0.6589994972347913}, 'q_value': {'old': 0.909977034043587, 'new': 0.9099770340435871}}"
LPE18.3,FMT_NGBB,NGBB,edited,"{'P_Value': {'old': 0.103708513857928, 'new': 0.10289828405120355}, 'q_value': {'old': 0.433575942853479, 'new': 0.4335759428534794}}"
LPE18.3,FMT_NGBB,Placebo,edited,"{'P_Value': {'old': 0.607524122129049, 'new': 0.6008776409544788}, 'q_value': {'old': 0.890460888226975, 'new': 0.8807190009261865}}"
LPE18.3,NGBB,Placebo,unchanged,{}
LPE22.5,Chow control,FMT,edited,"{'P_Value': {'old': 0.791415284062343, 'new': 0.7914152840623428}, 'q_value': {'old': 0.977445171551101, 'new': 0.9772242988307859}}"
LPE22.5,Chow control,FMT_NGBB,edited,"{'P_Value': {'old': 0.525398682620381, 'new': 0.5181302014501532}, 'q_value': {'old': 0.860949601044084, 'new': 0.8498431875637434}}"
LPE22.5,Chow control,NGBB,edited,"{'P_Value': {'old': 0.365308066546457, 'new': 0.35793336989339997}, 'q_value': {'old': 0.737966261071055, 'new': 0.7310095462148736}}"
LPE22.5,Chow control,Placebo,edited,"{'P_Value': {'old': 0.400923122285351, 'new': 0.39330163935061535}, 'q_value': {'old': 0.757842487246701, 'new': 0.7434360256017729}}"
LPE22.5,FMT,FMT_NGBB,edited,"{'P_Value': {'old': 0.710843851710725, 'new': 0.7108438517107247}, 'q_value': {'old': 0.955371564883455, 'new': 0.9513378648758376}}"
LPE22.5,FMT,NGBB,edited,"{'P_Value': {'old': 0.425150829562594, 'new': 0.42515082956259426}, 'q_value': {'old': 0.775275042143554, 'new': 0.7740265621658066}}"
LPE22.5,FMT,Placebo,edited,"{'P_Value': {'old': 0.860105580693816, 'new': 0.8601055806938159}, 'q_value': {'old': 0.998624456985329, 'new': 0.9986244569853293}}"
LPE22.5,FMT_NGBB,NGBB,edited,"{'P_Value': {'old': 0.927908005307386, 'new': 0.9264448963254215}}"
LPE22.5,FMT_NGBB,Placebo,edited,"{'P_Value': {'old': 0.785948739643719, 'new': 0.7818140034887688}, 'q_value': {'old': 0.977445171551101, 'new': 0.9772242988307859}}"
LPE22.5,NGBB,Placebo,unchanged,{}
LPG22.4,Chow control,FMT,edited,"{'P_Value': {'old': 0.0441176470588235, 'new': 0.04411764705882353}, 'q_value': {'old': 0.268166089965398, 'new': 0.2735294117647059}}"
LPG22.4,Chow control,FMT_NGBB,edited,"{'P_Value': {'old': 0.739898141971099, 'new': 0.7349852214121391}, 'q_value': {'old': 0.957696968730859, 'new': 0.9513378648758376}}"
LPG22.4,Chow control,NGBB,edited,"{'P_Value': {'old': 0.270316628675762, 'new': 0.26429152373398135}, 'q_value': {'old': 0.659827991255796, 'new': 0.6451210421853089}}"
LPG22.4,Chow control,Placebo,edited,"{'P_Value': {'old': 0.519032309279987, 'new': 0.5114059218501164}, 'q_value': {'old': 0.860427892389284, 'new': 0.8477852180402998}}"
LPG22.4,FMT,FMT_NGBB,edited,"{'P_Value': {'old': 0.142216400730333, 'new': 0.14221640073033262}, 'q_value': {'old': 0.521057230809553, 'new': 0.5197405172895369}}"
LPG22.4,FMT,NGBB,edited,"{'P_Value': {'old': 0.425150829562594, 'new': 0.42515082956259426}, 'q_value': {'old': 0.775275042143554, 'new': 0.7740265621658066}}"
LPG22.4,FMT,Placebo,edited,"{'P_Value': {'old': 0.328305681246858, 'new': 0.3283056812468577}, 'q_value': {'old': 0.709043243152349, 'new': 0.7018949047346613}}"
LPG22.4,FMT_NGBB,NGBB,edited,"{'P_Value': {'old': 0.211496674008452, 'new': 0.20706115487008625}, 'q_value': {'old': 0.630422778294425, 'new': 0.6175685519853519}}"
LPG22.4,FMT_NGBB,Placebo,edited,"{'P_Value': {'old': 0.565783926666953, 'new': 0.5587598228708937}, 'q_value': {'old': 0.883592026532772, 'new': 0.872622393400388}}"
LPG22.4,NGBB,Placebo,edited,"{'P_Value': {'old': 0.699353020560451, 'new': 0.6935883744907081}, 'q_value': {'old': 0.94672242957965, 'new': 0.938918760227596}}"
LPI18.0,Chow control,FMT,edited,"{'P_Value': {'old': 0.724233283056812, 'new': 0.7242332830568124}, 'q_value': {'old': 0.955371564883455, 'new': 0.9513378648758376}}"
LPI18.0,Chow control,FMT_NGBB,edited,"{'P_Value': {'old': 0.880111946204287, 'new': 0.8777166830732149}}"
LPI18.0,Chow control,NGBB,unchanged,{}
LPI18.0,Chow control,Placebo,edited,"{'P_Value': {'old': 0.948729289286565, 'new': 0.9476445296225945}}"
LPI18.0,FMT,FMT_NGBB,edited,"{'P_Value': {'old': 0.9018020163531, 'new': 0.9018020163530999}}"
LPI18.0,FMT,NGBB,edited,"{'P_Value': {'old': 0.246292106586224, 'new': 0.24629210658622425}, 'q_value': {'old': 0.652568829416492, 'new': 0.6451210421853089}}"
LPI18.0,FMT,Placebo,edited,"{'P_Value': {'old': 0.596153846153846, 'new': 0.5961538461538461}, 'q_value': {'old': 0.890460888226975, 'new': 0.8807190009261865}}"
LPI18.0,FMT_NGBB,NGBB,unchanged,{}
LPI18.0,FMT_NGBB,Placebo,edited,"{'P_Value': {'old': 0.927908005307386, 'new': 0.9264448963254215}}"
LPI18.0,NGBB,Placebo,edited,"{'P_Value': {'old': 0.948729289286565, 'new': 0.9476445296225945}}"
LPS16.0,Chow control,FMT,edited,"{'P_Value': {'old': 0.374937154348919, 'new': 0.37493715434891906}, 'q_value': {'old': 0.737966261071055, 'new': 0.7310095462148736}}"
LPS16.0,Chow control,FMT_NGBB,edited,"{'P_Value': {'old': 0.235116613094807, 'new': 0.23008418191625113}, 'q_value': {'old': 0.652568829416492, 'new': 0.642577444991332}}"
LPS16.0,Chow control,NGBB,edited,"{'P_Value': {'old': 0.151274679912451, 'new': 0.14856177489186861}, 'q_value': {'old': 0.521057230809553, 'new': 0.5197405172895369}}"
LPS16.0,Chow control,Placebo,edited,"{'P_Value': {'old': 0.151274679912451, 'new': 0.14856177489186861}, 'q_value': {'old': 0.521057230809553, 'new': 0.5197405172895369}}"
LPS16.0,FMT,FMT_NGBB,edited,"{'P_Value': {'old': 0.100261967135032, 'new': 0.10026196713503215}, 'q_value': {'old': 0.433575942853479, 'new': 0.43343032117469854}}"
LPS16.0,FMT,NGBB,edited,"{'P_Value': {'old': 0.0853443941679236, 'new': 0.08534439416792358}, 'q_value': {'old': 0.403920033466509, 'new': 0.4039200334665085}}"
LPS16.0,FMT,Placebo,edited,"{'P_Value': {'old': 0.0345651080945199, 'new': 0.03456510809451986}, 'q_value': {'old': 0.249190314169794, 'new': 0.2567691365337619}}"
LPS16.0,FMT_NGBB,NGBB,edited,"{'P_Value': {'old': 0.975933341123811, 'new': 0.9754506745843579}}"
LPS16.0,FMT_NGBB,Placebo,edited,"{'P_Value': {'old': 0.927908005307386, 'new': 0.9264448963254215}}"
LPS16.0,NGBB,Placebo,edited,"{'P_Value': {'old': 0.89766270880822, 'new': 0.8955142436987509}}"
LPS18.0,Chow control,FMT,edited,"{'P_Value': {'old': 0.328305681246858, 'new': 0.3283056812468577}, 'q_value': {'old': 0.709043243152349, 'new': 0.7018949047346613}}"
LPS18.0,Chow control,FMT_NGBB,edited,"{'P_Value': {'old': 0.785948739643719, 'new': 0.7818140034887688}, 'q_value': {'old': 0.977445171551101, 'new': 0.9772242988307859}}"
LPS18.0,Chow control,NGBB,edited,"{'P_Value': {'old': 0.132993683303281, 'new': 0.13096810379821186}, 'q_value': {'old': 0.498795633395143, 'new': 0.4914717829646654}}"
LPS18.0,Chow control,Placebo,edited,"{'P_Value': {'old': 0.299986391317661, 'new': 0.2934238832742103}, 'q_value': {'old': 0.676332954970726, 'new': 0.6663839107326388}}"
LPS18.0,FMT,FMT_NGBB,edited,"{'P_Value': {'old': 0.650353258712392, 'new': 0.6503532587123918}, 'q_value': {'old': 0.909977034043587, 'new': 0.9099770340435871}}"
LPS18.0,FMT,NGBB,edited,"{'P_Value': {'old': 0.150892408245349, 'new': 0.1508924082453494}, 'q_value': {'old': 0.521057230809553, 'new': 0.5197405172895369}}"
LPS18.0,FMT,Placebo,edited,"{'P_Value': {'old': 0.246292106586224, 'new': 0.24629210658622425}, 'q_value': {'old': 0.652568829416492, 'new': 0.6451210421853089}}"
LPS18.0,FMT_NGBB,NGBB,edited,"{'P_Value': {'old': 0.0688170357035615, 'new': 0.06943183161594253}, 'q_value': {'old': 0.35486498053343, 'new': 0.3557664099329287}}"
LPS18.0,FMT_NGBB,Placebo,edited,"{'P_Value': {'old': 0.189586695442127, 'new': 0.18575772936738777}, 'q_value': {'old': 0.605895624608859, 'new': 0.5936587227205176}}"
LPS18.0,NGBB,Placebo,edited,"{'P_Value': {'old': 0.299986391317661, 'new': 0.2934238832742103}, 'q_value': {'old': 0.676332954970726, 'new': 0.6663839107326388}}"
LPS18.1,Chow control,FMT,edited,"{'P_Value': {'old': 0.724233283056812, 'new': 0.7242332830568124}, 'q_value': {'old': 0.955371564883455, 'new': 0.9513378648758376}}"
LPS18.1,Chow control,FMT_NGBB,edited,"{'P_Value': {'old': 0.650549746390371, 'new': 0.6443731499599503}, 'q_value': {'old': 0.909977034043587, 'new': 0.9099770340435871}}"
LPS18.1,Chow control,NGBB,edited,"{'P_Value': {'old': 0.948729289286565, 'new': 0.9476445296225945}}"
LPS18.1,Chow control,Placebo,edited,"{'P_Value': {'old': 0.846998718515746, 'new': 0.8438314252467704}, 'q_value': {'old': 0.998624456985329, 'new': 0.9986244569853293}}"
LPS18.1,FMT,FMT_NGBB,edited,"{'P_Value': {'old': 0.299118837818528, 'new': 0.2991188378185282}, 'q_value': {'old': 0.676332954970726, 'new': 0.6743770161726818}}"
LPS18.1,FMT,NGBB,edited,"{'P_Value': {'old': 0.929801407742584, 'new': 0.9298014077425841}}"
LPS18.1,FMT,Placebo,edited,"{'P_Value': {'old': 0.860105580693816, 'new': 0.8601055806938159}, 'q_value': {'old': 0.998624456985329, 'new': 0.9986244569853293}}"
LPS18.1,FMT_NGBB,NGBB,edited,"{'P_Value': {'old': 0.379339061799689, 'new': 0.37217143978212575}, 'q_value': {'old': 0.737966261071055, 'new': 0.7310095462148736}}"
LPS18.1,FMT_NGBB,Placebo,edited,"{'P_Value': {'old': 0.346999211583947, 'new': 0.3401043685615801}, 'q_value': {'old': 0.724375458525411, 'new': 0.7102647763122479}}"
LPS18.1,NGBB,Placebo,edited,"{'P_Value': {'old': 0.846998718515746, 'new': 0.8438314252467704}, 'q_value': {'old': 0.998624456985329, 'new': 0.9986244569853293}}"
LPS18.2,Chow control,FMT,edited,"{'P_Value': {'old': 0.104198089492207, 'new': 0.10419808949220714}, 'q_value': {'old': 0.433575942853479, 'new': 0.4335759428534794}}"
LPS18.2,Chow control,FMT_NGBB,edited,"{'P_Value': {'old': 0.103708513857928, 'new': 0.10289828405120355}, 'q_value': {'old': 0.433575942853479, 'new': 0.4335759428534794}}"
LPS18.2,Chow control,NGBB,edited,"{'P_Value': {'old': 0.116408101702219, 'new': 0.11503496229473924}, 'q_value': {'old': 0.471712430791715, 'new': 0.4662036781288558}}"
LPS18.2,Chow control,Placebo,edited,"{'P_Value': {'old': 0.242648476394606, 'new': 0.23721752775378102}, 'q_value': {'old': 0.652568829416492, 'new': 0.6451210421853089}}"
LPS18.2,FMT,FMT_NGBB,edited,"{'P_Value': {'old': 0.650353258712392, 'new': 0.6503532587123918}, 'q_value': {'old': 0.909977034043587, 'new': 0.9099770340435871}}"
LPS18.2,FMT,NGBB,edited,"{'P_Value': {'old': 0.536010558069382, 'new': 0.5360105580693816}, 'q_value': {'old': 0.860949601044084, 'new': 0.8609496010440845}}"
LPS18.2,FMT,Placebo,edited,"{'P_Value': {'old': 0.596153846153846, 'new': 0.5961538461538461}, 'q_value': {'old': 0.890460888226975, 'new': 0.8807190009261865}}"
LPS18.2,FMT_NGBB,NGBB,edited,"{'P_Value': {'old': 0.694702524558494, 'new': 0.6891216451070523}, 'q_value': {'old': 0.94672242957965, 'new': 0.938918760227596}}"
LPS18.2,FMT_NGBB,Placebo,edited,"{'P_Value': {'old': 0.927908005307386, 'new': 0.9264448963254215}}"
LPS18.2,NGBB,Placebo,edited,"{'P_Value': {'old': 0.747658172580773, 'new': 0.7426659029196823}, 'q_value': {'old': 0.957743940082809, 'new': 0.9513488839053781}}"
LPS20.4,Chow control,FMT,edited,"{'P_Value': {'old': 0.658999497234791, 'new': 0.6589994972347913}, 'q_value': {'old': 0.909977034043587, 'new': 0.9099770340435871}}"
LPS20.4,Chow control,FMT_NGBB,edited,"{'P_Value': {'old': 0.880111946204287, 'new': 0.8777166830732149}}"
LPS20.4,Chow control,NGBB,edited,"{'P_Value': {'old': 0.561888318080269, 'new': 0.5545304064894243}, 'q_value': {'old': 0.883592026532772, 'new': 0.872622393400388}}"
LPS20.4,Chow control,Placebo,edited,"{'P_Value': {'old': 0.948729289286565, 'new': 0.9476445296225945}}"
LPS20.4,FMT,FMT_NGBB,edited,"{'P_Value': {'old': 0.340239739620545, 'new': 0.34023973962054455}, 'q_value': {'old': 0.722426844399786, 'new': 0.7102647763122479}}"
LPS20.4,FMT,NGBB,edited,"{'P_Value': {'old': 0.860105580693816, 'new': 0.8601055806938159}, 'q_value': {'old': 0.998624456985329, 'new': 0.9986244569853293}}"
LPS20.4,FMT,Placebo,edited,"{'P_Value': {'old': 0.860105580693816, 'new': 0.8601055806938159}, 'q_value': {'old': 0.998624456985329, 'new': 0.9986244569853293}}"
LPS20.4,FMT_NGBB,NGBB,edited,"{'P_Value': {'old': 0.287547020216289, 'new': 0.28145768484462164}, 'q_value': {'old': 0.670222377947742, 'new': 0.6653228092856576}}"
LPS20.4,FMT_NGBB,Placebo,edited,"{'P_Value': {'old': 0.650549746390371, 'new': 0.6443731499599503}, 'q_value': {'old': 0.909977034043587, 'new': 0.9099770340435871}}"
LPS20.4,NGBB,Placebo,edited,"{'P_Value': {'old': 0.438463239546831, 'new': 0.430708328947102}, 'q_value': {'old': 0.785685573754437, 'new': 0.7740265621658066}}"
LPS22.6,Chow control,FMT,edited,"{'P_Value': {'old': 0.425150829562594, 'new': 0.42515082956259426}, 'q_value': {'old': 0.775275042143554, 'new': 0.7740265621658066}}"
LPS22.6,Chow control,FMT_NGBB,edited,"{'P_Value': {'old': 0.975933341123811, 'new': 0.9754506745843579}}"
LPS22.6,Chow control,NGBB,edited,"{'P_Value': {'old': 0.299986391317661, 'new': 0.2934238832742103}, 'q_value': {'old': 0.676332954970726, 'new': 0.6663839107326388}}"
LPS22.6,Chow control,Placebo,edited,"{'P_Value': {'old': 0.561888318080269, 'new': 0.5545304064894243}, 'q_value': {'old': 0.883592026532772, 'new': 0.872622393400388}}"
LPS22.6,FMT,FMT_NGBB,edited,"{'P_Value': {'old': 0.340239739620545, 'new': 0.34023973962054455}, 'q_value': {'old': 0.722426844399786, 'new': 0.7102647763122479}}"
LPS22.6,FMT,NGBB,edited,"{'P_Value': {'old': 1.0, 'new': 0.9999999999999999}}"
LPS22.6,FMT,Placebo,edited,"{'P_Value': {'old': 0.929801407742584, 'new': 0.9298014077425841}}"
LPS22.6,FMT_NGBB,NGBB,edited,"{'P_Value': {'old': 0.260447991905792, 'new': 0.2548715759015092}, 'q_value': {'old': 0.65884185872104, 'new': 0.6451210421853089}}"
LPS22.6,FMT_NGBB,Placebo,edited,"{'P_Value': {'old': 0.413411060604492, 'new': 0.4060484491047267}, 'q_value': {'old': 0.775275042143554, 'new': 0.7628789043785775}}"
LPS22.6,NGBB,Placebo,edited,"{'P_Value': {'old': 0.846998718515746, 'new': 0.8438314252467704}, 'q_value': {'old': 0.998624456985329, 'new': 0.9986244569853293}}"
NADA,Chow control,FMT,edited,"{'P_Value': {'old': 0.374937154348919, 'new': 0.37493715434891906}, 'q_value': {'old': 0.737966261071055, 'new': 0.7310095462148736}}"
NADA,Chow control,FMT_NGBB,edited,"{'P_Value': {'old': 0.975933341123811, 'new': 0.9754506745843579}}"
NADA,Chow control,NGBB,unchanged,{}
NADA,Chow control,Placebo,edited,"{'P_Value': {'old': 0.747658172580773, 'new': 0.7426659029196823}, 'q_value': {'old': 0.957743940082809, 'new': 0.9513488839053781}}"
NADA,FMT,FMT_NGBB,edited,"{'P_Value': {'old': 0.384456616654759, 'new': 0.38445661665475905}, 'q_value': {'old': 0.737966261071055, 'new': 0.7379662610710545}}"
NADA,FMT,NGBB,edited,"{'P_Value': {'old': 0.536010558069382, 'new': 0.5360105580693816}, 'q_value': {'old': 0.860949601044084, 'new': 0.8609496010440845}}"
NADA,FMT,Placebo,edited,"{'P_Value': {'old': 0.150892408245349, 'new': 0.1508924082453494}, 'q_value': {'old': 0.521057230809553, 'new': 0.5197405172895369}}"
NADA,FMT_NGBB,NGBB,edited,"{'P_Value': {'old': 0.880111946204287, 'new': 0.8777166830732149}}"
NADA,FMT_NGBB,Placebo,edited,"{'P_Value': {'old': 0.694702524558494, 'new': 0.6891216451070523}, 'q_value': {'old': 0.94672242957965, 'new': 0.938918760227596}}"
NADA,NGBB,Placebo,edited,"{'P_Value': {'old': 0.561888318080269, 'new': 0.5545304064894243}, 'q_value': {'old': 0.883592026532772, 'new': 0.872622393400388}}"
PGD2,Chow control,FMT,edited,"{'P_Value': {'old': 0.596153846153846, 'new': 0.5961538461538461}, 'q_value': {'old': 0.890460888226975, 'new': 0.8807190009261865}}"
PGD2,Chow control,FMT_NGBB,edited,"{'P_Value': {'old': 0.133548508296119, 'new': 0.1315876064066685}, 'q_value': {'old': 0.498795633395143, 'new': 0.4914717829646654}}"
PGD2,Chow control,NGBB,edited,"{'P_Value': {'old': 0.171310629514964, 'new': 0.16790547565263503}, 'q_value': {'old': 0.564960586698285, 'new': 0.5537308239608176}}"
PGD2,Chow control,Placebo,edited,"{'P_Value': {'old': 0.652184760543894, 'new': 0.6457638203049723}, 'q_value': {'old': 0.909977034043587, 'new': 0.9099770340435871}}"
PGD2,FMT,FMT_NGBB,edited,"{'P_Value': {'old': 0.100261967135032, 'new': 0.10026196713503215}, 'q_value': {'old': 0.433575942853479, 'new': 0.43343032117469854}}"
PGD2,FMT,NGBB,edited,"{'P_Value': {'old': 0.328305681246858, 'new': 0.3283056812468577}, 'q_value': {'old': 0.709043243152349, 'new': 0.7018949047346613}}"
PGD2,FMT,Placebo,edited,"{'P_Value': {'old': 0.425150829562594, 'new': 0.42515082956259426}, 'q_value': {'old': 0.775275042143554, 'new': 0.7740265621658066}}"
PGD2,FMT_NGBB,NGBB,edited,"{'P_Value': {'old': 0.0069848041311226, 'new': 0.00890462720971815}, 'q_value': {'old': 0.0849133051234514, 'new': 0.10825233078480889}}"
PGD2,FMT_NGBB,Placebo,edited,"{'P_Value': {'old': 0.235116613094807, 'new': 0.23008418191625113}, 'q_value': {'old': 0.652568829416492, 'new': 0.642577444991332}}"
PGD2,NGBB,Placebo,edited,"{'P_Value': {'old': 0.0157690606607015, 'new': 0.018081721820705336}, 'q_value': {'old': 0.157690606607015, 'new': 0.17794710363233823}}"
Sphingosine1P16.1,Chow control,FMT,edited,"{'P_Value': {'old': 0.0018853695324283, 'new': 0.0018853695324283558}, 'q_value': {'old': 0.0354220942456237, 'new': 0.03652903469079939}}"
Sphingosine1P16.1,Chow control,FMT_NGBB,edited,"{'P_Value': {'old': 0.0027986551071757, 'new': 0.004211400899795908}, 'q_value': {'old': 0.0449588119271377, 'new': 0.06368459897252347}}"
Sphingosine1P16.1,Chow control,NGBB,edited,"{'P_Value': {'old': 0.0001275813969312, 'new': 0.0005009543818372149}, 'q_value': {'old': 0.0043944703387427, 'new': 0.016346932459951224}}"
Sphingosine1P16.1,Chow control,Placebo,edited,"{'P_Value': {'old': 0.0003940847594098, 'new': 0.001026174217456427}, 'q_value': {'old': 0.0095590752786565, 'new': 0.023564000548999434}}"
Sphingosine1P16.1,FMT,FMT_NGBB,edited,"{'P_Value': {'old': 0.591807573231722, 'new': 0.5918075732317218}, 'q_value': {'old': 0.890460888226975, 'new': 0.8807190009261865}}"
Sphingosine1P16.1,FMT,NGBB,edited,"{'P_Value': {'old': 0.0692559074912016, 'new': 0.06925590749120161}, 'q_value': {'old': 0.35486498053343, 'new': 0.3557664099329287}}"
Sphingosine1P16.1,FMT,Placebo,edited,"{'P_Value': {'old': 0.150892408245349, 'new': 0.1508924082453494}, 'q_value': {'old': 0.521057230809553, 'new': 0.5197405172895369}}"
Sphingosine1P16.1,FMT_NGBB,NGBB,edited,"{'P_Value': {'old': 0.0027986551071757, 'new': 0.004211400899795908}, 'q_value': {'old': 0.0449588119271377, 'new': 0.06368459897252347}}"
Sphingosine1P16.1,FMT_NGBB,Placebo,edited,"{'P_Value': {'old': 0.0512189385523616, 'new': 0.05253897729199802}, 'q_value': {'old': 0.308308173810332, 'new': 0.3162540380683376}}"
Sphingosine1P16.1,NGBB,Placebo,edited,"{'P_Value': {'old': 0.193186586375441, 'new': 0.18908180596451618}, 'q_value': {'old': 0.6079983936689, 'new': 0.59507979542132}}"
Sphingosine1P18.1,Chow control,FMT,edited,"{'P_Value': {'old': 0.125942684766214, 'new': 0.12594268476621417}, 'q_value': {'old': 0.491097261352533, 'new': 0.49109726135253323}}"
Sphingosine1P18.1,Chow control,FMT_NGBB,edited,"{'P_Value': {'old': 0.079230636102355, 'new': 0.07942129814627644}, 'q_value': {'old': 0.399373938076912, 'new': 0.40033499878610884}}"
Sphingosine1P18.1,Chow control,NGBB,edited,"{'P_Value': {'old': 0.438463239546831, 'new': 0.430708328947102}, 'q_value': {'old': 0.785685573754437, 'new': 0.7740265621658066}}"
Sphingosine1P18.1,Chow control,Placebo,edited,"{'P_Value': {'old': 0.0335964345252271, 'new': 0.03561636409984439}, 'q_value': {'old': 0.249190314169794, 'new': 0.2567691365337619}}"
Sphingosine1P18.1,FMT,FMT_NGBB,edited,"{'q_value': {'old': 0.860949601044084, 'new': 0.8609496010440845}}"
Sphingosine1P18.1,FMT,NGBB,edited,"{'P_Value': {'old': 0.596153846153846, 'new': 0.5961538461538461}, 'q_value': {'old': 0.890460888226975, 'new': 0.8807190009261865}}"
Sphingosine1P18.1,FMT,Placebo,edited,"{'P_Value': {'old': 0.658999497234791, 'new': 0.6589994972347913}, 'q_value': {'old': 0.909977034043587, 'new': 0.9099770340435871}}"
Sphingosine1P18.1,FMT_NGBB,NGBB,edited,"{'P_Value': {'old': 0.260447991905792, 'new': 0.2548715759015092}, 'q_value': {'old': 0.65884185872104, 'new': 0.6451210421853089}}"
Sphingosine1P18.1,FMT_NGBB,Placebo,edited,"{'P_Value': {'old': 0.880111946204287, 'new': 0.8777166830732149}}"
Sphingosine1P18.1,NGBB,Placebo,edited,"{'P_Value': {'old': 0.242648476394606, 'new': 0.23721752775378102}, 'q_value': {'old': 0.652568829416492, 'new': 0.6451210421853089}}"
UDCA,Chow control,FMT,edited,"{'P_Value': {'old': 0.724233283056812, 'new': 0.7242332830568124}, 'q_value': {'old': 0.955371564883455, 'new': 0.9513378648758376}}"
UDCA,Chow control,FMT_NGBB,edited,"{'P_Value': {'old': 0.739898141971099, 'new': 0.7349852214121391}, 'q_value': {'old': 0.957696968730859, 'new': 0.9513378648758376}}"
UDCA,Chow control,NGBB,edited,"{'P_Value': {'old': 0.699353020560451, 'new': 0.6935883744907081}, 'q_value': {'old': 0.94672242957965, 'new': 0.938918760227596}}"
UDCA,Chow control,Placebo,edited,"{'P_Value': {'old': 0.948729289286565, 'new': 0.9476445296225945}}"
UDCA,FMT,FMT_NGBB,unchanged,{}
UDCA,FMT,NGBB,edited,"{'P_Value': {'old': 0.791415284062343, 'new': 0.7914152840623428}, 'q_value': {'old': 0.977445171551101, 'new': 0.9772242988307859}}"
UDCA,FMT,Placebo,edited,"{'P_Value': {'old': 0.724233283056812, 'new': 0.7242332830568124}, 'q_value': {'old': 0.955371564883455, 'new': 0.9513378648758376}}"
UDCA,FMT_NGBB,NGBB,edited,"{'P_Value': {'old': 0.927908005307386, 'new': 0.9264448963254215}}"
UDCA,FMT_NGBB,Placebo,edited,"{'P_Value': {'old': 0.832752252458808, 'new': 0.8294475889935782}, 'q_value': {'old': 0.998624456985329, 'new': 0.9986244569853293}}"
UDCA,NGBB,Placebo,edited,"{'P_Value': {'old': 0.89766270880822, 'new': 0.8955142436987509}}"
cLPA14.0,Chow control,FMT,edited,"{'P_Value': {'old': 0.0028280542986425, 'new': 0.002828054298642534}, 'q_value': {'old': 0.0449588119271377, 'new': 0.051570401916422676}}"
cLPA14.0,Chow control,FMT_NGBB,edited,"{'P_Value': {'old': 0.0187947736742999, 'new': 0.021001057890991104}, 'q_value': {'old': 0.180652680652681, 'new': 0.202402954391806}}"
cLPA14.0,Chow control,NGBB,edited,"{'P_Value': {'old': 0.0005528527200353, 'new': 0.0012927447796956875}, 'q_value': {'old': 0.0126951365341458, 'new': 0.02862506297897594}}"
cLPA14.0,Chow control,Placebo,edited,"{'P_Value': {'old': 0.0001899545243198, 'new': 0.0006388029959693746}, 'q_value': {'old': 0.0061985160567529, 'new': 0.018859897976238677}}"
cLPA14.0,FMT,FMT_NGBB,unchanged,{}
cLPA14.0,FMT,NGBB,edited,"{'P_Value': {'old': 0.791415284062343, 'new': 0.7914152840623428}, 'q_value': {'old': 0.977445171551101, 'new': 0.9772242988307859}}"
cLPA14.0,FMT,Placebo,edited,"{'P_Value': {'old': 0.791415284062343, 'new': 0.7914152840623428}, 'q_value': {'old': 0.977445171551101, 'new': 0.9772242988307859}}"
cLPA14.0,FMT_NGBB,NGBB,edited,"{'P_Value': {'old': 0.927908005307386, 'new': 0.9264448963254215}}"
cLPA14.0,FMT_NGBB,Placebo,unchanged,{}
cLPA14.0,NGBB,Placebo,edited,"{'P_Value': {'old': 0.606317830776035, 'new': 0.5993606964290359}, 'q_value': {'old': 0.890460888226975, 'new': 0.8807190009261865}}"
cLPA16.1,Chow control,FMT,edited,"{'P_Value': {'old': 0.104198089492207, 'new': 0.10419808949220714}, 'q_value': {'old': 0.433575942853479, 'new': 0.4335759428534794}}"
cLPA16.1,Chow control,FMT_NGBB,edited,"{'P_Value': {'old': 0.927908005307386, 'new': 0.9264448963254215}}"
cLPA16.1,Chow control,NGBB,edited,"{'P_Value': {'old': 0.0399755043717892, 'new': 0.04178899680298453}, 'q_value': {'old': 0.263668220324567, 'new': 0.2735294117647059}}"
cLPA16.1,Chow control,Placebo,edited,"{'P_Value': {'old': 0.101415869991721, 'new': 0.10066768749863966}, 'q_value': {'old': 0.433575942853479, 'new': 0.43343032117469854}}"
cLPA16.1,FMT,FMT_NGBB,edited,"{'P_Value': {'old': 0.167341430499325, 'new': 0.16734143049932523}, 'q_value': {'old': 0.561372384830534, 'new': 0.5537308239608176}}"
cLPA16.1,FMT,NGBB,edited,"{'P_Value': {'old': 0.658999497234791, 'new': 0.6589994972347913}, 'q_value': {'old': 0.909977034043587, 'new': 0.9099770340435871}}"
cLPA16.1,FMT,Placebo,edited,"{'P_Value': {'old': 0.724233283056812, 'new': 0.7242332830568124}, 'q_value': {'old': 0.955371564883455, 'new': 0.9513378648758376}}"
cLPA16.1,FMT_NGBB,NGBB,edited,"{'P_Value': {'old': 0.169317154779532, 'new': 0.1661199704495876}, 'q_value': {'old': 0.561372384830534, 'new': 0.5537308239608176}}"
cLPA16.1,FMT_NGBB,Placebo,edited,"{'P_Value': {'old': 0.103708513857928, 'new': 0.10289828405120355}, 'q_value': {'old': 0.433575942853479, 'new': 0.4335759428534794}}"
cLPA16.1,NGBB,Placebo,edited,"{'P_Value': {'old': 0.519032309279987, 'new': 0.5114059218501164}, 'q_value': {'old': 0.860427892389284, 'new': 0.8477852180402998}}"
cLPA18.0,Chow control,FMT,edited,"{'P_Value': {'old': 0.0267722473604827, 'new': 0.026772247360482657}, 'q_value': {'old': 0.218633446949222, 'new': 0.227380731006839}}"
cLPA18.0,Chow control,FMT_NGBB,edited,"{'P_Value': {'old': 0.0004008644471694, 'new': 0.00099231216994597}, 'q_value': {'old': 0.0095590752786565, 'new': 0.023564000548999434}}"
cLPA18.0,Chow control,NGBB,edited,"{'P_Value': {'old': 0.0052365075584889, 'new': 0.0070968436292014455}, 'q_value': {'old': 0.0690773337502802, 'new': 0.08800086100209793}}"
cLPA18.0,Chow control,Placebo,edited,"{'P_Value': {'old': 0.0335964345252271, 'new': 0.03561636409984439}, 'q_value': {'old': 0.249190314169794, 'new': 0.2567691365337619}}"
cLPA18.0,FMT,FMT_NGBB,edited,"{'P_Value': {'old': 0.226839723743749, 'new': 0.2268397237437485}, 'q_value': {'old': 0.651114021857056, 'new': 0.642577444991332}}"
cLPA18.0,FMT,NGBB,edited,"{'P_Value': {'old': 0.929801407742584, 'new': 0.9298014077425841}}"
cLPA18.0,FMT,Placebo,edited,"{'P_Value': {'old': 0.860105580693816, 'new': 0.8601055806938159}, 'q_value': {'old': 0.998624456985329, 'new': 0.9986244569853293}}"
cLPA18.0,FMT_NGBB,NGBB,edited,"{'P_Value': {'old': 0.235116613094807, 'new': 0.23008418191625113}, 'q_value': {'old': 0.652568829416492, 'new': 0.642577444991332}}"
cLPA18.0,FMT_NGBB,Placebo,edited,"{'P_Value': {'old': 0.150667343156238, 'new': 0.1480860615850711}, 'q_value': {'old': 0.521057230809553, 'new': 0.5197405172895369}}"
cLPA18.0,NGBB,Placebo,edited,"{'P_Value': {'old': 0.846998718515746, 'new': 0.8438314252467704}, 'q_value': {'old': 0.998624456985329, 'new': 0.9986244569853293}}"
cLPA18.1,Chow control,FMT,edited,"{'P_Value': {'old': 0.0059074912016088, 'new': 0.0059074912016088485}, 'q_value': {'old': 0.0732528908999497, 'new': 0.07962270749994535}}"
cLPA18.1,Chow control,FMT_NGBB,edited,"{'P_Value': {'old': 0.0268002289808724, 'new': 0.02889808892436385}, 'q_value': {'old': 0.218633446949222, 'new': 0.235747567540863}}"
cLPA18.1,Chow control,NGBB,edited,"{'P_Value': {'old': 0.0003940847594098, 'new': 0.001026174217456427}, 'q_value': {'old': 0.0095590752786565, 'new': 0.023564000548999434}}"
cLPA18.1,Chow control,Placebo,edited,"{'P_Value': {'old': 0.0007654883815874, 'new': 0.0016220041892740272}, 'q_value': {'old': 0.015820093219474, 'new': 0.03352141991166323}}"
cLPA18.1,FMT,FMT_NGBB,edited,"{'P_Value': {'old': 0.384456616654759, 'new': 0.38445661665475905}, 'q_value': {'old': 0.737966261071055, 'new': 0.7379662610710545}}"
cLPA18.1,FMT,NGBB,edited,"{'P_Value': {'old': 0.929801407742584, 'new': 0.9298014077425841}}"
cLPA18.1,FMT,Placebo,edited,"{'P_Value': {'old': 0.478946706887883, 'new': 0.4789467068878833}, 'q_value': {'old': 0.819651789448473, 'new': 0.8093522693932313}}"
cLPA18.1,FMT_NGBB,NGBB,edited,"{'P_Value': {'old': 0.235116613094807, 'new': 0.23008418191625113}, 'q_value': {'old': 0.652568829416492, 'new': 0.642577444991332}}"
cLPA18.1,FMT_NGBB,Placebo,edited,"{'P_Value': {'old': 0.150667343156238, 'new': 0.1480860615850711}, 'q_value': {'old': 0.521057230809553, 'new': 0.5197405172895369}}"
cLPA18.1,NGBB,Placebo,edited,"{'P_Value': {'old': 0.606317830776035, 'new': 0.5993606964290359}, 'q_value': {'old': 0.890460888226975, 'new': 0.8807190009261865}}"
delta17_6_keto_PGF1a,Chow control,FMT,edited,"{'P_Value': {'old': 0.929801407742584, 'new': 0.9298014077425841}}"
delta17_6_keto_PGF1a,Chow control,FMT_NGBB,edited,"{'P_Value': {'old': 0.260447991905792, 'new': 0.2548715759015092}, 'q_value': {'old': 0.65884185872104, 'new': 0.6451210421853089}}"
delta17_6_keto_PGF1a,Chow control,NGBB,edited,"{'P_Value': {'old': 0.299986391317661, 'new': 0.2934238832742103}, 'q_value': {'old': 0.676332954970726, 'new': 0.6663839107326388}}"
delta17_6_keto_PGF1a,Chow control,Placebo,edited,"{'P_Value': {'old': 0.400923122285351, 'new': 0.39330163935061535}, 'q_value': {'old': 0.757842487246701, 'new': 0.7434360256017729}}"
delta17_6_keto_PGF1a,FMT,FMT_NGBB,edited,"{'P_Value': {'old': 0.384456616654759, 'new': 0.38445661665475905}, 'q_value': {'old': 0.737966261071055, 'new': 0.7379662610710545}}"
delta17_6_keto_PGF1a,FMT,NGBB,edited,"{'P_Value': {'old': 0.536010558069382, 'new': 0.5360105580693816}, 'q_value': {'old': 0.860949601044084, 'new': 0.8609496010440845}}"
delta17_6_keto_PGF1a,FMT,Placebo,edited,"{'P_Value': {'old': 0.328305681246858, 'new': 0.3283056812468577}, 'q_value': {'old': 0.709043243152349, 'new': 0.7018949047346613}}"
delta17_6_keto_PGF1a,FMT_NGBB,NGBB,edited,"{'P_Value': {'old': 0.785948739643719, 'new': 0.7818140034887688}, 'q_value': {'old': 0.977445171551101, 'new': 0.9772242988307859}}"
delta17_6_keto_PGF1a,FMT_NGBB,Placebo,edited,"{'P_Value': {'old': 0.975933341123811, 'new': 0.9754506745843579}}"
delta17_6_keto_PGF1a,NGBB,Placebo,unchanged,{}
thromboxane_B2,Chow control,FMT,edited,"{'P_Value': {'old': 0.0441176470588235, 'new': 0.04411764705882353}, 'q_value': {'old': 0.268166089965398, 'new': 0.2735294117647059}}"
thromboxane_B2,Chow control,FMT_NGBB,edited,"{'P_Value': {'old': 0.785948739643719, 'new': 0.7818140034887688}, 'q_value': {'old': 0.977445171551101, 'new': 0.9772242988307859}}"
thromboxane_B2,Chow control,NGBB,edited,"{'P_Value': {'old': 0.101415869991721, 'new': 0.10066768749863966}, 'q_value': {'old': 0.433575942853479, 'new': 0.43343032117469854}}"
thromboxane_B2,Chow control,Placebo,edited,"{'P_Value': {'old': 0.151274679912451, 'new': 0.14856177489186861}, 'q_value': {'old': 0.521057230809553, 'new': 0.5197405172895369}}"
thromboxane_B2,FMT,FMT_NGBB,edited,"{'P_Value': {'old': 0.0556481701992538, 'new': 0.05564817019925379}, 'q_value': {'old': 0.310938468833206, 'new': 0.316530876362728}}"
thromboxane_B2,FMT,NGBB,edited,"{'P_Value': {'old': 0.724233283056812, 'new': 0.7242332830568124}, 'q_value': {'old': 0.955371564883455, 'new': 0.9513378648758376}}"
thromboxane_B2,FMT,Placebo,edited,"{'P_Value': {'old': 0.285444947209653, 'new': 0.2854449472096531}, 'q_value': {'old': 0.670222377947742, 'new': 0.6653228092856576}}"
thromboxane_B2,FMT_NGBB,NGBB,edited,"{'P_Value': {'old': 0.0268002289808724, 'new': 0.02889808892436385}, 'q_value': {'old': 0.218633446949222, 'new': 0.235747567540863}}"
thromboxane_B2,FMT_NGBB,Placebo,edited,"{'P_Value': {'old': 0.287547020216289, 'new': 0.28145768484462164}, 'q_value': {'old': 0.670222377947742, 'new': 0.6653228092856576}}"
thromboxane_B2,NGBB,Placebo,edited,"{'P_Value': {'old': 0.299986391317661, 'new': 0.2934238832742103}, 'q_value': {'old': 0.676332954970726, 'new': 0.6663839107326388}}"
